Alappuzha|Ambalappuzha|Ambalappuzha|Ambalappuzha South|688561
Alappuzha|Ambalappuzha|Aryad South|Aryad|N/A
Alappuzha|Ambalappuzha|Kalavoor|Mararikkulam South|688522
Alappuzha|Ambalappuzha|Karumady|Ambalappuzha South|688561
Alappuzha|Ambalappuzha|Mullakkal|Aryad|688011
Alappuzha|Ambalappuzha|Purakkad|Purakkad|673522
Alappuzha|Chengannur|Ala|Puliyoor|689126
Alappuzha|Chengannur|Chengannur|Thiruvanvandur|689121
Alappuzha|Chengannur|Cheriyanad|Cheriyanad|690509
Alappuzha|Chengannur|Ennakkad|Budhannoor|689624
Alappuzha|Chengannur|Mulakuzha|Venmony|689505
Alappuzha|Chengannur|Pandanad|Pandanad|689506
Alappuzha|Chengannur|Puliyoor|Puliyoor|689510
Alappuzha|Chengannur|Thiruvanvandoor|Thiruvanvandur|689124
Alappuzha|Chengannur|Venmony|Venmony|689509
Alappuzha|Cherthala|Cherthala North|Cherthala South|688524
Alappuzha|Cherthala|Cherthala South|Cherthala South|688539
Alappuzha|Cherthala|Kadakkarappally|Kadakkarappally|688529
Alappuzha|Cherthala|Mararikkulam North|Mararikkulam North|688523
Alappuzha|Cherthala|Panavally|Panavally|688526
Alappuzha|Cherthala|Pattanakkad|Pattanakkad|688531
Alappuzha|Cherthala|Perumbalam|Perumbalam|688570
Alappuzha|Cherthala|Thuravoor Thekku|Thuravoor|688532
Alappuzha|Karthikappally|Arattupuzha|Karthikappally|690515
Alappuzha|Karthikappally|Cheruthana|Cheruthana|690517
Alappuzha|Karthikappally|Karuvatta|Karuvatta|690554
Alappuzha|Karthikappally|Pallippad|Pallippad|690512
Alappuzha|Karthikappally|Thrikkunnapuzha|Thrikkunnapuzha|690515
Alappuzha|Karthikappally|Veeyapuram|Veeyapuram|690556
Alappuzha|Kuttanad|Champakkulam|Ramankari|688505
Alappuzha|Kuttanad|Edathua|Ramankari|689573
Alappuzha|Kuttanad|Kainakary North|Thakazhi|688501
Alappuzha|Kuttanad|Kainakary South|Nedumudi|688501
Alappuzha|Kuttanad|Kavalam|Neelamperoor|688506
Alappuzha|Kuttanad|Kunnumma|Pulinkunnu|688506
Alappuzha|Kuttanad|Muttar|Edathua|689574
Alappuzha|Kuttanad|Nedumudi|Nedumudi|688503
Alappuzha|Kuttanad|Neelamperoor|Neelamperoor|686534
Alappuzha|Kuttanad|Pulinkunnu|Pulinkunnu|688504
Alappuzha|Kuttanad|Ramankary|Ramankari|689595
Alappuzha|Kuttanad|Thakazhy|Thalavadi|688562
Alappuzha|Kuttanad|Thalavady|Muttar|689572
Alappuzha|Kuttanad|Veliyanad|Veliyanad|689590
Alappuzha|Mavelikkara|Chunakkara|Chunakkara|690534
Alappuzha|Mavelikkara|Noornad|Nooranad|690529
Alappuzha|Mavelikkara|Palamel|Palamel|690504
Alappuzha|Mavelikkara|Perungala|Chettikulangara|690106
Alappuzha|Mavelikkara|Thamarakkulam|Mavelikkara Thamarakkulam|690530
Alappuzha|Mavelikkara|Thekkekara|Mavelikkara Thekkekara|690107
Alappuzha|Mavelikkara|Thriperumthura|Chennithala Thriperumthara|690105
Alappuzha|Mavelikkara|Vallikunnam|Vallikunnam|690501
Alappuzha|Mavelikkara|Vettiyar|Thazhakkara|690509
Ernakulam|Aluva|Ayyampuzha|Ayyampuzha|683581
Ernakulam|Aluva|Karukutty|Karukutty|683576
Ernakulam|Aluva|Malayattoor|Malayattoor Neeleswaram|683587
Ernakulam|Aluva|Manjapra|Manjapra|683581
Ernakulam|Aluva|Mookkannoor|Mookkannur|683577
Ernakulam|Aluva|Parakkadavu|Parakkadavu|683579
Ernakulam|Aluva|Thuravoor|Thuravoor|683586
Ernakulam|Kanayannur|Edakkattuvayal|Edakkattuvayal|682313
Ernakulam|Kanayannur|Kaippattur|Edakkattuvayal|682313
Ernakulam|Kanayannur|Keecherry|Amballur|682115
Ernakulam|Kanayannur|Kulayettikara|Amballur|682115
Ernakulam|Kanayannur|Thrikkakara North|Kanayannur|582 hectares
Ernakulam|Kochi|Chellanam|Chellanam|682008
Ernakulam|Kochi|Edavanakkad|Edavanakkad|682502
Ernakulam|Kochi|Kuzhuppilly|Pallippuram|682501
Ernakulam|Kochi|Nayarambalam|Nayarambalam|682509
Ernakulam|Kochi|Pallippuram|Pallippuram|682502
Ernakulam|Kothamangalam|Kedavoor|Paingottur|686671
Ernakulam|Kothamangalam|Keerampara|Keerampara|686681
Ernakulam|Kothamangalam|Kottappady|Kottappady|686695
Ernakulam|Kothamangalam|Kuttamangalam|Pallarimangalam|686693
Ernakulam|Kothamangalam|Kuttampuzha|Kuttampuzha|686681
Ernakulam|Kothamangalam|Neriamangalam|Kavalangad|686693
Ernakulam|Kothamangalam|Pindimana|Pindimana|686685
Ernakulam|Kothamangalam|Pothanikkad|Pothanikkad|686671
Ernakulam|Kothamangalam|Thrikkariyoor|Nellikkuzhi|686692
Ernakulam|Kothamangalam|Varappetty|Varappetty|686691
Ernakulam|Kunnathunad|Aikaranad North|Aikkaranad|682310
Ernakulam|Kunnathunad|Aikaranad South|Poothrikka|682311
Ernakulam|Kunnathunad|Arakapady|Vengola|683556
Ernakulam|Kunnathunad|Asamannoor|Asamannoor|683549
Ernakulam|Kunnathunad|Irapuram|Mazhuvannoor|683541
Ernakulam|Kunnathunad|Kizhakkambalam|Kizhakkambalam|683562
Ernakulam|Kunnathunad|Kodanad|Koovappady|683544
Ernakulam|Kunnathunad|Kombanad|Vengoor|683546
Ernakulam|Kunnathunad|Mazhuvannoor|Mazhuvannoor|686669
Ernakulam|Kunnathunad|Pattimattom|Kunnathunad|683562
Ernakulam|Kunnathunad|Rayamangalam|Rayamangalam|683554
Ernakulam|Kunnathunad|Thiruvaniyoor|Thiruvaniyoor|682308
Ernakulam|Kunnathunad|Vadavukode|Vadavucode Puthen Cruz|682310
Ernakulam|Kunnathunad|Vengoor|Vengoor|683546
Ernakulam|Kunnathunad|Vengoor West|Mudakuzha|683545
Ernakulam|Muvattupuzha|Arakuzha|Arakuzha|686672
Ernakulam|Muvattupuzha|Elanji|Elanji|686665
Ernakulam|Muvattupuzha|Enanalloor|Ayavana|686668
Ernakulam|Muvattupuzha|Kalloorkkad|Kumaramangalam|686668
Ernakulam|Muvattupuzha|Koothattukulam|Muvattupuzha|2313 hectares
Ernakulam|Muvattupuzha|Maneed|Maneed|686664
Ernakulam|Muvattupuzha|Manjalloor|Manjalloor|686670
Ernakulam|Muvattupuzha|Marady|Marady|686661
Ernakulam|Muvattupuzha|Memury|Ramamangalam|686667
Ernakulam|Muvattupuzha|Mulavoor|Paipra|686673
Ernakulam|Muvattupuzha|Muvattupuzha|Avoly|686670
Ernakulam|Muvattupuzha|Onakkoor|Pampakuda|686667
Ernakulam|Muvattupuzha|Palakkuzha|Palakuzha|686662
Ernakulam|Muvattupuzha|Piravom|Muvattupuzha|2896 hectares
Ernakulam|Muvattupuzha|Ramamangalam|Ramamangalam|686663
Ernakulam|Muvattupuzha|Thirumarady|Thirumarady|686662
Ernakulam|Muvattupuzha|Valakam|Valakom|682613
Ernakulam|Paravur|Ezhikkara|Ezhikkara|683513
Ernakulam|Paravur|Kunnukara|Kunnukara|683524
Idukki|Devikulam|Anaviratty|Pallivasal|685561
Idukki|Devikulam|Kannan Devan Hills|Munnar|685613
Idukki|Devikulam|Kanthalloor|Kanthalloor|685620
Idukki|Devikulam|Keezhanthoor|Kanthalloor|685620
Idukki|Devikulam|Kottakamboor|Vattavada|685615
Idukki|Devikulam|Kunjithanny|Vellathooval|685565
Idukki|Devikulam|Mankulam|Mankulam|685565
Idukki|Devikulam|Mannamkandam|Adimaly|686561
Idukki|Devikulam|Marayoor|Marayoor|685614
Idukki|Devikulam|Pallivasal|Pallivasal|685565
Idukki|Devikulam|Vattavada|Vattavada|685615
Idukki|Devikulam|Vellathuval|Vellathooval|685563
Idukki|Peerumade|Elappara|Upputhara|685501
Idukki|Peerumade|Kokkayar|Peruvanthanam|686514
Idukki|Peerumade|Kumily|Kumaly|685509
Idukki|Peerumade|Manjumala|Vandiperiyar|685533
Idukki|Peerumade|Mlappara|Peruvanthanam|686513
Idukki|Peerumade|Peerumade|Peerumedu|685531
Idukki|Peerumade|Periyar|Vandiperiyar|685533
Idukki|Peerumade|Peruvanthanam|Peruvanthanam|686532
Idukki|Peerumade|Upputhara|Upputhara|685565
Idukki|Peerumade|Vagamon|Elappara|685501
Idukki|Thodupuzha|Alacode|Velliyamattom|685588
Idukki|Thodupuzha|Arakkulam|Arakulam|685591
Idukki|Thodupuzha|Elappally|Kudayathoor|685589
Idukki|Thodupuzha|Idukki|Vazhathope|685602
Idukki|Thodupuzha|Kanjikuzhi|Idukki Kanjikuzhy|685606
Idukki|Thodupuzha|Karikkode|Edavetty|685588
Idukki|Thodupuzha|Karimannoor|Karimannoor|685581
Idukki|Thodupuzha|Karimkunnam|Karimkunnam|685586
Idukki|Thodupuzha|Kodikulam|Kodikulam|685582
Idukki|Thodupuzha|Kudayathoor|Kudayathoor|685590
Idukki|Thodupuzha|Kumaramangalam|Kumaramangalam|685608
Idukki|Thodupuzha|Manakkad|Manakkad|685584
Idukki|Thodupuzha|Muttom|Muttom|685587
Idukki|Thodupuzha|Neyyasseri|Kodikulam|685581
Idukki|Thodupuzha|Purapuzha|Purapuzha|685584
Idukki|Thodupuzha|Thodupuzha|Kumaramangalam|685584
Idukki|Thodupuzha|Udumbannoor|Udumbanoor|685595
Idukki|Thodupuzha|Vannapuram|Vannapuram|685607
Idukki|Thodupuzha|Velliyamattom|Velliyamattom|685588
Idukki|Udumbanchola|Anakkara|Vandenmedu|685551
Idukki|Udumbanchola|Anavilasam|Vandenmedu|685535
Idukki|Udumbanchola|Ayyappancoil|Kanchiyar|685507
Idukki|Udumbanchola|Baisonvally|Bisonvalley|685565
Idukki|Udumbanchola|Chakkupallam|Chakkupallam|685512
Idukki|Udumbanchola|Chathurangapara|Senapathy|685554
Idukki|Udumbanchola|Chinnakanal|Chinnakanal|685618
Idukki|Udumbanchola|Kalkoonthal|Udumbanchola|685553
Idukki|Udumbanchola|Kanthippara|Senapathy|685619
Idukki|Udumbanchola|Karunapuram|Pampadumpara|685552
Idukki|Udumbanchola|Kattappana|Udumbanchola|6132 hectares
Idukki|Udumbanchola|Konnathady|Konnathady|685563
Idukki|Udumbanchola|Pampadumpara|Pampadumpara|685552
Idukki|Udumbanchola|Parathodu|Nedumkandam|685553
Idukki|Udumbanchola|Poopara|Santhanpara|685619
Idukki|Udumbanchola|Rajakkad|Rajakkad|685566
Idukki|Udumbanchola|Rajakumari|Rajakumari|685619
Idukki|Udumbanchola|Santhanpara|Santhanpara|685619
Idukki|Udumbanchola|Thankamony|Kamakshy|685515
Idukki|Udumbanchola|Udumbanchola|Senapathy|685554
Idukki|Udumbanchola|Upputhode|Vathikudy|685604
Idukki|Udumbanchola|Vandanmedu|Vandenmedu|685551
Idukki|Udumbanchola|Vathikudy|Vathikudy|685604
Kannur|Kannur|Mattool|Mattool|670302
Kannur|Kannur|Panapuzha|Kadannapally Panapuzha|670306
Kannur|Taliparamba|Alakode|Udayagiri|670571
Kannur|Taliparamba|Alapadamba|Kankole Alapadamba|670307
Kannur|Taliparamba|Chengalai|Chengalai|670631
Kannur|Taliparamba|Chuzhali|Chengalai|670142
Kannur|Taliparamba|Eramam|Eramam Kuttoor|670307
Kannur|Taliparamba|Eruvassy|Eruvessey|670632
Kannur|Taliparamba|Kalliad|Padiyur|670593
Kannur|Taliparamba|Kankole|Kankole Alapadamba|670307
Kannur|Taliparamba|Kayaralam|Mayyil|670602
Kannur|Taliparamba|Kooveri|Chapparapadavu|670581
Kannur|Taliparamba|Kuttiyeri|Pariyaram|670141
Kannur|Taliparamba|Kuttoor|Eramam Kuttoor|670306
Kannur|Taliparamba|Malapattam|Malapattom|670631
Kannur|Taliparamba|Nediyanga|Taliparamba|3522 hectares
Kannur|Taliparamba|New Naduvil|New Mahi|670571
Kannur|Taliparamba|Nuchiyad|Ulikkal|670705
Kannur|Taliparamba|Padiyoor|Padiyur|670703
Kannur|Taliparamba|Panniyoor|Kurumathur|670142
Kannur|Taliparamba|Pattuvam|Pattuvam|670143
Kannur|Taliparamba|Payyavoor|Payyavoor|670633
Kannur|Taliparamba|Peralam|Karivellur Peralam|670521
Kannur|Taliparamba|Peringome|Peringome Vayakkara|670307
Kannur|Taliparamba|Perinthatta|Peringome Vayakkara|670306
Kannur|Taliparamba|Pulingome|Cherupuzha|670511
Kannur|Taliparamba|Ramanthali|Ramanthali|670308
Kannur|Taliparamba|Sreekandapuram|Taliparamba|3378 hectares
Kannur|Taliparamba|Thimiri|Chapparapadavu|670581
Kannur|Taliparamba|Thirumeni|Cherupuzha|670511
Kannur|Taliparamba|Vayakkara|Peringome Vayakkara|670631
Kannur|Taliparamba|Vayathur|Ulikkal|670705
Kannur|Taliparamba|Vellad|Udayagiri|670571
Kannur|Taliparamba|Vellora|Eramam Kuttoor|670306
Kannur|Thalassery|Aralam|Aralam|670704
Kannur|Thalassery|Ayyankunnu|Ayyankunnu|670704
Kannur|Thalassery|Chavassery|Thalassery|2311 hectares
Kannur|Thalassery|Cheruvanchery|Pattiam|670650
Kannur|Thalassery|Kanichar|Kanichar|670674
Kannur|Thalassery|Kannavam|Chittariparamba|670650
Kannur|Thalassery|Keezhur|Thalassery|1862 hectares
Kannur|Thalassery|Kelakam|Kelakam|670674
Kannur|Thalassery|Koloyad|Kolayad|670650
Kannur|Thalassery|Kottiyoor|Kottiyoor|670651
Kannur|Thalassery|Manathana|Peravoor|670674
Kannur|Thalassery|Muzhakkunnu|Muzhakkunnu|670673
Kannur|Thalassery|Pattannur|Koodali|670595
Kannur|Thalassery|Payam|Payam|670704
Kannur|Thalassery|Puthoor|Kunnathuparamba|670692
Kannur|Thalassery|Sivapuram|Malur|670702
Kannur|Thalassery|Thillenkeri|Thillankeri|670702
Kannur|Thalassery|Tholambra|Malur|670673
Kannur|Thalassery|Thrippangottur|Trippangottur|670693
Kannur|Thalassery|Vekkalam|Kolayad|670650
Kannur|Thalassery|Vellarvelly|Peravoor|670673
Kannur|Thalassery|Vilamana|Payam|670704
Kasaragod|Hosdurg|Ambalathara|Madikkai|671531
Kasaragod|Hosdurg|Balal|Balal|671533
Kasaragod|Hosdurg|Bellur|Kodombellur|671543
Kasaragod|Hosdurg|Bheemanady|West Eleri|671314
Kasaragod|Hosdurg|Cheemeni|Kayyur Cheemeni|671313
Kasaragod|Hosdurg|Cheemeni Ii|Kayyur Cheemeni|671313
Kasaragod|Hosdurg|Chithari|Ajanoor|671316
Kasaragod|Hosdurg|Chittarikkal|East Eleri|671326
Kasaragod|Hosdurg|Kallar|Kallar|671532
Kasaragod|Hosdurg|Karindalam|Kinanoor Karindalam|671314
Kasaragod|Hosdurg|Kayyur|Kayyur Cheemeni|671313
Kasaragod|Hosdurg|Kilayikode|Kayyur Cheemeni|671313
Kasaragod|Hosdurg|Kinanoor|Kinanoor Karindalam|671533
Kasaragod|Hosdurg|Kodakkad|Pilicode|671310
Kasaragod|Hosdurg|Kodom|Kodombellur|671531
Kasaragod|Hosdurg|Madikai|Madikkai|671314
Kasaragod|Hosdurg|Maloth|Balal|671533
Kasaragod|Hosdurg|Padne|Padne|671312
Kasaragod|Hosdurg|Palavayal|East Eleri|671531
Kasaragod|Hosdurg|Pallikkara Ii|Udma|671316
Kasaragod|Hosdurg|Panathady|Panathady|671532
Kasaragod|Hosdurg|Panayal|Pallikkara|671316
Kasaragod|Hosdurg|Parappa|Kinanoor Karindalam|671533
Kasaragod|Hosdurg|Periya|Pullurperiya|671316
Kasaragod|Hosdurg|Pullur|Pullurperiya|671531
Kasaragod|Hosdurg|Thayanur|Kodombellur|671531
Kasaragod|Hosdurg|Thimiri|Kayyur Cheemeni|671313
Kasaragod|Hosdurg|Udinoor|Valiyaparamba|671310
Kasaragod|Hosdurg|West Eleri|West Eleri|671314
Kasaragod|Kasaragod|Adhur|Karadka|671543
Kasaragod|Kasaragod|Adoor|Delampady|671543
Kasaragod|Kasaragod|Angadimogaru|Puthige|671321
Kasaragod|Kasaragod|Arikady|Kumbala|671331
Kasaragod|Kasaragod|Badaje|Manjewswaram|671323
Kasaragod|Kasaragod|Badiyadka|Badiyadka|671551
Kasaragod|Kasaragod|Badoor|Puthige|671321
Kasaragod|Kasaragod|Bandadka|Kutikkol|671541
Kasaragod|Kasaragod|Bayar|Paivalike|671348
Kasaragod|Kasaragod|Bedadka|Bedaduka|671541
Kasaragod|Kasaragod|Bekoor|Mangalpady|671322
Kasaragod|Kasaragod|Bela|Badiyadka|671321
Kasaragod|Kasaragod|Bellur|Belloor|671543
Kasaragod|Kasaragod|Bombrana|Kumbala|671321
Kasaragod|Kasaragod|Chippar|Paivalike|671348
Kasaragod|Kasaragod|Delampady|Delampady|671543
Kasaragod|Kasaragod|Edanad|Puthige|671321
Kasaragod|Kasaragod|Enmakaje|Enmakaje|671552
Kasaragod|Kasaragod|Heroor|Mangalpady|671324
Kasaragod|Kasaragod|Ichilampady|Kumbala|671321
Kasaragod|Kasaragod|Ichilangod|Mangalpady|671324
Kasaragod|Kasaragod|Kadambar|Meenja|671323
Kasaragod|Kasaragod|Kaliyoor|Meenja|671323
Kasaragod|Kasaragod|Kalnad|Chemnad|671317
Kasaragod|Kasaragod|Kannur|Puthige|671321
Kasaragod|Kasaragod|Karadka|Karadka|671542
Kasaragod|Kasaragod|Karivedakam|Kutikkol|671541
Kasaragod|Kasaragod|Kattukukke|Enmakaje|671552
Kasaragod|Kasaragod|Kayyar|Paivalike|671322
Kasaragod|Kasaragod|Kidoor|Kumbala|671321
Kasaragod|Kasaragod|Kodalamogaru|Vorkady|671323
Kasaragod|Kasaragod|Kodibail|Mangalpady|671322
Kasaragod|Kasaragod|Kolathur|Bedaduka|671541
Kasaragod|Kasaragod|Koliyoor|Meenja|671323
Kasaragod|Kasaragod|Kubanoor|Mangalpady|671322
Kasaragod|Kasaragod|Kudalmarkala|Paivalike|671324
Kasaragod|Kasaragod|Kuloor|Meenja|671343
Kasaragod|Kasaragod|Kumbadaje|Kumbadaje|671551
Kasaragod|Kasaragod|Kuttikole|Kutikkol|671541
Kasaragod|Kasaragod|Maire|Enmakaje|671552
Kasaragod|Kasaragod|Majibail|Meenja|671323
Kasaragod|Kasaragod|Meenja|Meenja|671343
Kasaragod|Kasaragod|Moodambail|Meenja|671323
Kasaragod|Kasaragod|Mugu|Puthige|671321
Kasaragod|Kasaragod|Mulinja|Mangalpady|671324
Kasaragod|Kasaragod|Muliyar|Muliyar|671542
Kasaragod|Kasaragod|Munnad|Bedaduka|671541
Kasaragod|Kasaragod|Muttathody|Chengala|671123
Kasaragod|Kasaragod|Nekraje|Chengala|671543
Kasaragod|Kasaragod|Nettanige|Belloor|671543
Kasaragod|Kasaragod|Nirchal|Badiyadka|671321
Kasaragod|Kasaragod|Padre|Enmakaje|671552
Kasaragod|Kasaragod|Pady|Chengala|671541
Kasaragod|Kasaragod|Paivalike|Paivalike|671348
Kasaragod|Kasaragod|Pathur|Vorkady|671323
Kasaragod|Kasaragod|Patla|Madhur|671124
Kasaragod|Kasaragod|Pavoor|Vorkady|671323
Kasaragod|Kasaragod|Perumbala|Chemnad|671317
Kasaragod|Kasaragod|Puthige|Puthige|671321
Kasaragod|Kasaragod|Talikala|Meenja|671323
Kasaragod|Kasaragod|Thekkil|Chemnad|671541
Kasaragod|Kasaragod|Ubrangala|Kumbadaje|671551
Kasaragod|Kasaragod|Ujarulvar|Kumbala|671323
Kasaragod|Kasaragod|Vorkady|Vorkady|671323
Kollam|Karunagappally|Alappad|Alappad|690571
Kollam|Karunagappally|Clappana|Clappana|690528
Kollam|Karunagappally|Pavumba|Thazhava|690574
Kollam|Karunagappally|Thazhava|Thazhava|690539
Kollam|Karunagappally|Thekkumbhagom|Thekkumbhagam|691584
Kollam|Karunagappally|Thevalakkara|Thevalakkara|690524
Kollam|Kollam|Chirakkara|Chathannur|691579
Kollam|Kollam|Kalluvathukkal|Kalluvathukkal|691578
Kollam|Kollam|Kizhakkekallada|Kizhakkekallada|691502
Kollam|Kollam|Mulavana|Perayam|691503
Kollam|Kollam|Mundrothuruth|Mundrothuruthu|691502
Kollam|Kollam|Pallimon|Nedumpana|691576
Kollam|Kollam|Paravoor|Chirakkara|691301
Kollam|Kollam|Parippally|Kalluvathukkal|691574
Kollam|Kottarakkara|Chadayamangalam|Chadayamangalam|691534
Kollam|Kottarakkara|Chakkuvarakkal|Vettikkavala|691508
Kollam|Kottarakkara|Chithara|Chithara|691536
Kollam|Kottarakkara|Elamad|Elamadu|691539
Kollam|Kottarakkara|Ezhukone|Ezhukone|691505
Kollam|Kottarakkara|Ittiva|Ittiva|691533
Kollam|Kottarakkara|Kadakkal|Kadakkal|691536
Kollam|Kottarakkara|Kalayapuram|Mylam|691560
Kollam|Kottarakkara|Kareepra|Kareepra|691509
Kollam|Kottarakkara|Kottukkal|Ittiva|691306
Kollam|Kottarakkara|Kulakkada|Kulakkada|691507
Kollam|Kottarakkara|Kummil|Kummil|691536
Kollam|Kottarakkara|Mancode|Chithara|691559
Kollam|Kottarakkara|Melila|Melila|691508
Kollam|Kottarakkara|Mylom|Mylam|691560
Kollam|Kottarakkara|Neduvathoor|Neduvathur|691505
Kollam|Kottarakkara|Nilamel|Nilamel|691535
Kollam|Kottarakkara|Odanavattam|Veliyam|691512
Kollam|Kottarakkara|Pavithreswaram|Pavithreswaram|691507
Kollam|Kottarakkara|Pooyappally|Pooyappally|691537
Kollam|Kottarakkara|Puthur|Pavithreswaram|691507
Kollam|Kottarakkara|Ummannoor|Ummannur|691547
Kollam|Kottarakkara|Valakam|Ummannur|691532
Kollam|Kottarakkara|Velinalloor|Velinallur|691510
Kollam|Kottarakkara|Veliyam|Veliyam|691540
Kollam|Kottarakkara|Vettikkavala|Vettikkavala|691538
Kollam|Kunnathur|Kunnathur|Kunnathur|690540
Kollam|Kunnathur|Mynagappally|Mynagappally|690519
Kollam|Kunnathur|Poruvazhy|Poruvazhy|690520
Kollam|Kunnathur|Sasthamkotta|Sasthancotta|690521
Kollam|Kunnathur|Sooranad North|Sooranad North|690561
Kollam|Kunnathur|Sooranad South|Sooranad South|690522
Kollam|Kunnathur|West Kallada|West Kallada|691500
Kollam|Pathanapuram|Alayamon|Alayamon|691306
Kollam|Pathanapuram|Anchal|Anchal|691306
Kollam|Pathanapuram|Arackal|Edamulakkal|691306
Kollam|Pathanapuram|Arienkavu|Ariencavu|691308
Kollam|Pathanapuram|Ayiranalloor|Eroor|691539
Kollam|Pathanapuram|Channappetta|Alayamon|691311
Kollam|Pathanapuram|Edamon|Thenmala|691307
Kollam|Pathanapuram|Edamulackal|Edamulakkal|691306
Kollam|Pathanapuram|Eroor|Eroor|691302
Kollam|Pathanapuram|Karavaloor|Karavaloor|691333
Kollam|Pathanapuram|Kulathupuzha|Kulathupuzha|691310
Kollam|Pathanapuram|Pathanapuram|Pathanapuram|689695
Kollam|Pathanapuram|Pattazhy|Pattazhi|691522
Kollam|Pathanapuram|Pattazhy Vadakkekara|Pattazhi Vadakkekara|691556
Kollam|Pathanapuram|Pidavoor|Thalavoor|691508
Kollam|Pathanapuram|Piravanthur|Piravanthur|689696
Kollam|Pathanapuram|Punnala|Piravanthur|689696
Kollam|Pathanapuram|Thalavoor|Thalavoor|691508
Kollam|Pathanapuram|Thenmala|Thenmala|691308
Kollam|Pathanapuram|Thinkalkarikkakom|Kulathupuzha|691310
Kollam|Pathanapuram|Valacode|Piravanthur|691805
Kollam|Pathanapuram|Vilakkudy|Vilakudy|691508
Kottayam|Changanassery|Changanassery|Paippad|686101
Kottayam|Changanassery|Kangazha|Vazhoor|686541
Kottayam|Changanassery|Karukachal|Karukachal|686540
Kottayam|Changanassery|Kurichy|Kurichy|686549
Kottayam|Changanassery|Madappally|Madappally|686546
Kottayam|Changanassery|Nedumkunnam|Nedumkunnam|686542
Kottayam|Changanassery|Thottackad|Vakathanam|686539
Kottayam|Changanassery|Vakathanam|Vakathanam|686538
Kottayam|Changanassery|Vazhappally Padinjaru|Vazhappally|686103
Kottayam|Changanassery|Vazhoor|Vazhoor|686504
Kottayam|Changanassery|Vellavoor|Vellavoor|686541
Kottayam|Kanjirappally|Cheruvally|Chirakkadavu|686506
Kottayam|Kanjirappally|Chirakkadavu|Chirakkadavu|686506
Kottayam|Kanjirappally|Edakkunnam|Parathode|686512
Kottayam|Kanjirappally|Elamgulam|Elikulam|686522
Kottayam|Kanjirappally|Elikkulam|Elikulam|686577
Kottayam|Kanjirappally|Erumeli North|Mundakayam|686513
Kottayam|Kanjirappally|Erumeli South|Erumeli|686509
Kottayam|Kanjirappally|Kanjirappally|Parathode|686506
Kottayam|Kanjirappally|Koottickal|Koottickal|686514
Kottayam|Kanjirappally|Koovappally|Parathode|686518
Kottayam|Kanjirappally|Manimala|Manimala|686544
Kottayam|Kanjirappally|Mundakayam|Parathode|686513
Kottayam|Kottayam|Akalakunnam|Akalakunnam|686504
Kottayam|Kottayam|Anikkad|Pallikkathode|686503
Kottayam|Kottayam|Arpookara|Arpookara|686008
Kottayam|Kottayam|Ayarkunnam|Ayarkkunnam|686564
Kottayam|Kottayam|Chengalam East|Akalakunnam|686585
Kottayam|Kottayam|Kaipuzha|Neendoor|686602
Kottayam|Kottayam|Kooroppada|Kooroppada|686502
Kottayam|Kottayam|Kumarakam|Kumarakom|686563
Kottayam|Kottayam|Manarcad|Mannarkadu|686019
Kottayam|Kottayam|Meenadam|Meenadom|686516
Kottayam|Kottayam|Muttampalam|Vijayapuram|686004
Kottayam|Kottayam|Onamthuruth|Neendoor|686602
Kottayam|Kottayam|Pampady|Pampady|686503
Kottayam|Kottayam|Peroor|Kottayam|1175 hectares
Kottayam|Kottayam|Thiruvarpu|Thiruvarpu|686020
Kottayam|Kottayam|Veloor|Kottayam|201 hectares
Kottayam|Meenachil|Bharananganam|Bharananganam|686578
Kottayam|Meenachil|Elackad|Marangattupilly|686635
Kottayam|Meenachil|Kadanad|Kadanad|686654
Kottayam|Meenachil|Kanakkari|Kanakkari|686633
Kottayam|Meenachil|Kidangoor|Kidangoor|686572
Kottayam|Meenachil|Kondoor|Thidanad|686123
Kottayam|Meenachil|Kuravilangad|Kuravilangad|686633
Kottayam|Meenachil|Kurichithanam|Marangattupilly|686634
Kottayam|Meenachil|Lalam|Karoor|686574
Kottayam|Meenachil|Meenachil|Mutholy|686620
Kottayam|Meenachil|Melukavu|Moonilavu|686652
Kottayam|Meenachil|Monippally|Veliyannoor|686636
Kottayam|Meenachil|Moonilavu|Moonilavu|686586
Kottayam|Meenachil|Poonjar Nadubhagam|Teekoy|686581
Kottayam|Meenachil|Poonjar Thekkekara|Poonjar Thekkekara|686582
Kottayam|Meenachil|Poonjar Vadakkekara|Thalanad|686580
Kottayam|Meenachil|Poovarany|Meenachil|686577
Kottayam|Meenachil|Puliyannoor|Mutholy|686597
Kottayam|Meenachil|Ramapuram|Ramapuram|686576
Kottayam|Meenachil|Teekoy|Teekoy|685580
Kottayam|Meenachil|Thalappalam|Thalappalam|686579
Kottayam|Meenachil|Uzhavoor|Veliyannoor|686634
Kottayam|Meenachil|Vallichira|Karoor|686574
Kottayam|Meenachil|Veliyannoor|Veliyannoor|686634
Kottayam|Meenachil|Vellilappally|Ramapuram|686576
Kottayam|Vaikom|Chempu|Chempu|686608
Kottayam|Vaikom|Kaduthuruthy|Mulakulam|686604
Kottayam|Vaikom|Kallara|Kallara|686611
Kottayam|Vaikom|Kothanalloor|Manjoor|686632
Kottayam|Vaikom|Kulasekharamangalam|Maravanthuruthu|686608
Kottayam|Vaikom|Manjoor|Manjoor|686603
Kottayam|Vaikom|Mulakulam|Mulakulam|686610
Kottayam|Vaikom|Muttuchira|Kaduthuruthy|686613
Kottayam|Vaikom|Naduvile|Udayanapuram|686141
Kottayam|Vaikom|Njeezhoor|Njeezhoor|686612
Kottayam|Vaikom|Thalayazham|Thalayazham|686607
Kottayam|Vaikom|Vadakkemuri|Udayanapuram|686143
Kottayam|Vaikom|Vadayar|Thalayolaparambu|686605
Kottayam|Vaikom|Vaikom|Tv Puram|686141
Kottayam|Vaikom|Vechoor|Vechoor|686144
Kottayam|Vaikom|Velloor|Velloor|686609
Kozhikode|Kozhikode|Chathamangalam|Omassery|673601
Kozhikode|Kozhikode|Engapuzha|Thamarasseri|673573
Kozhikode|Kozhikode|Kakkad|Karasseri|673586
Kozhikode|Kozhikode|Kakkur|Kakkur|673619
Kozhikode|Kozhikode|Kedavur|Thamarasseri|673573
Kozhikode|Kozhikode|Kizhakkoth|Kizhakkoth|673572
Kozhikode|Kozhikode|Kodencheri|Puthuppady|673580
Kozhikode|Kozhikode|Kodiyathur|Kodiyathur|673602
Kozhikode|Kozhikode|Koodaranji|Koodaranji|673604
Kozhikode|Kozhikode|Koodathayi|Omassery|673573
Kozhikode|Kozhikode|Kumaranallur|Karasseri|673602
Kozhikode|Kozhikode|Madavoor|Madavoor|673571
Kozhikode|Kozhikode|Narikkuni|Narikunni|673585
Kozhikode|Kozhikode|Neeleswaram|Omassery|673582
Kozhikode|Kozhikode|Nellipoyil|Kodencheri|673580
Kozhikode|Kozhikode|Puthuppadi|Puthuppady|673586
Kozhikode|Kozhikode|Puthur|Omassery|673104
Kozhikode|Kozhikode|Raroth|Thamarasseri|673573
Kozhikode|Kozhikode|Thiruvambadi|Thiruvambadi|673603
Kozhikode|Kozhikode|Vavad|Kozhikode|789 hectares
Kozhikode|Quilandy|Arikkulam|Arikulam|673620
Kozhikode|Quilandy|Avitanallur|Kottur|673614
Kozhikode|Quilandy|Chakkittapara|Koorachundu|673526
Kozhikode|Quilandy|Changaroth|Changaroth|673528
Kozhikode|Quilandy|Chempanoda|Chakittapara|673528
Kozhikode|Quilandy|Chengottukavu|Chengottukavu|673306
Kozhikode|Quilandy|Cheruvannur|Cheruvannur|673524
Kozhikode|Quilandy|Kanthalad|Panangad|673574
Kozhikode|Quilandy|Kayanna|Koorachundu|673526
Kozhikode|Quilandy|Kinalur|Panangad|673612
Kozhikode|Quilandy|Koorachundu|Kottur|673527
Kozhikode|Quilandy|Kottur|Kottur|673614
Kozhikode|Quilandy|Moodadi|Moodadi|673307
Kozhikode|Quilandy|Nochad|Nochad|673614
Kozhikode|Quilandy|Palery|Changaroth|673508
Kozhikode|Quilandy|Payyoli|Quilandy|971 hectares
Kozhikode|Quilandy|Perambra|Koothali|673525
Kozhikode|Quilandy|Sivapuram|Unnikulum|673612
Kozhikode|Quilandy|Unnikulam|Unnikulum|673574
Kozhikode|Vadakara|Kavilumpara|Kavilumpara|673513
Kozhikode|Vadakara|Kayakkodi|Kayakkodi|673508
Kozhikode|Vadakara|Kuttiadi|Kuttiadi|673508
Kozhikode|Vadakara|Maruthonkara|Maruthomkara|673513
Kozhikode|Vadakara|Narippatta|Naripetta|673506
Kozhikode|Vadakara|Onchiam|Onchiyam|673308
Kozhikode|Vadakara|Purameri|Purameri|673503
Kozhikode|Vadakara|Thinoor|Naripetta|673506
Kozhikode|Vadakara|Thiruvallur|Thiruvallur|673541
Kozhikode|Vadakara|Vanimel|Vanimel|673506
Kozhikode|Vadakara|Velom|Velom|673508
Kozhikode|Vadakara|Vilangad|Vanimel|673506
Malappuram|Ernad|Areekode|Areekode|673639
Malappuram|Ernad|Cheekkode|Chekkode|673645
Malappuram|Ernad|Chembrasseri|Pandikkad|676521
Malappuram|Ernad|Edavanna|Edavanna|676541
Malappuram|Ernad|Elankur|Trikkalangode|676122
Malappuram|Ernad|Karakunnu|Trikkalangode|676123
Malappuram|Ernad|Kavanoor|Kavannur|673639
Malappuram|Ernad|Kuzhimanna|Kuzhimanna|673641
Malappuram|Ernad|Morayur|Pookkottur|673642
Malappuram|Ernad|Muthuvallur|Muduvalur|673645
Malappuram|Ernad|Nediyiruppu|Ernad|2020 hectares
Malappuram|Ernad|Pandalur|Anakkayam|676521
Malappuram|Ernad|Pandikkad|Pandikkad|676521
Malappuram|Ernad|Perakamanna|Edavanna|676541
Malappuram|Ernad|Pookkottur|Pookkottur|673651
Malappuram|Ernad|Pulikkal|Pulikkal|673638
Malappuram|Ernad|Pulpatta|Pulpatta|676123
Malappuram|Ernad|Trikkalangode|Trikkalangode|676123
Malappuram|Ernad|Urangattiri|Urungattiri|673639
Malappuram|Ernad|Vazhakkad|Vazhakkad|673640
Malappuram|Ernad|Vettikkattiri|Pandikkad|676521
Malappuram|Ernad|Vettilappara|Urungattiri|673639
Malappuram|Nilambur|Akampadam|Chaliyar|679343
Malappuram|Nilambur|Amarambalam|Amarambalam|679332
Malappuram|Nilambur|Chekkode|Chekkode|679332
Malappuram|Nilambur|Chungathara|Chungathara|679334
Malappuram|Nilambur|Edakkara|Pothukkal|679331
Malappuram|Nilambur|Kalikavu|Kalikavu|676525
Malappuram|Nilambur|Karulai|Moothadem|679330
Malappuram|Nilambur|Karuvarakundu|Karuvarakundu|676523
Malappuram|Nilambur|Kerala Estate|Karuvarakundu|676525
Malappuram|Nilambur|Kurumbilangode|Pothukkal|679334
Malappuram|Nilambur|Mambad|Mambad|676542
Malappuram|Nilambur|Porur|Porur|679339
Malappuram|Nilambur|Pullipadam|Mambad|676542
Malappuram|Nilambur|Thiruvali|Thiruvali|679328
Malappuram|Nilambur|Thuvvur|Thuvvur|679327
Malappuram|Nilambur|Vazhikkadavu|Vazhikkadavu|679333
Malappuram|Nilambur|Vellayur|Kalikavu|679327
Malappuram|Nilambur|Wandoor|Wandoor|679328
Malappuram|Perinthalmanna|Aliparamba|Aliparamba|679357
Malappuram|Perinthalmanna|Anamangad|Aliparamba|679357
Malappuram|Perinthalmanna|Angadippuram|Angadipuram|679321
Malappuram|Perinthalmanna|Arakkuparamba|Thazhekode|679322
Malappuram|Perinthalmanna|Edappatta|Edappatta|679326
Malappuram|Perinthalmanna|Elamkulam|Elamkulam|679340
Malappuram|Perinthalmanna|Kariavattom|Vettathur|679325
Malappuram|Perinthalmanna|Keezhattur|Keezhattur|679325
Malappuram|Perinthalmanna|Kuruva|Kuruva|679338
Malappuram|Perinthalmanna|Kuruvambalam|Moorkkanad|679338
Malappuram|Perinthalmanna|Mankada|Mankada|679324
Malappuram|Perinthalmanna|Melattur|Melattur|679326
Malappuram|Perinthalmanna|Moorkkanad|Moorkkanad|679338
Malappuram|Perinthalmanna|Nenmini|Keezhattur|679325
Malappuram|Perinthalmanna|Pulamanthole|Pulamanthole|679323
Malappuram|Perinthalmanna|Puzhakkattiri|Puzhakkattiri|679321
Malappuram|Perinthalmanna|Thazhekode|Thazhekode|679322
Malappuram|Perinthalmanna|Vadakkangara|Makkaraparamba|679324
Malappuram|Perinthalmanna|Valambur|Angadipuram|679325
Malappuram|Perinthalmanna|Vettathur|Vettathur|679326
Malappuram|Ponnani|Nannamukku|Nannamukku|679575
Malappuram|Ponnani|Perumpadappa|Perumpadappa|679580
Malappuram|Ponnani|Tavanur|Tavanur|679573
Malappuram|Ponnani|Vattamkulam|Vattamkulam|679578
Malappuram|Ponnani|Veliyankode|Veliyancode|679579
Malappuram|Tirur|Ananthavoor|Thirunavaya|676301
Malappuram|Tirur|Athavanad|Athavanad|676301
Malappuram|Tirur|Edayoor|Edayoor|676552
Malappuram|Tirur|Kalpakancheri|Kalpakancheri|676551
Malappuram|Tirur|Kurumbathur|Athavanad|676301
Malappuram|Tirur|Mangalam|Mangalam|676561
Malappuram|Tirur|Marakkara|Marakkara|676553
Malappuram|Tirur|Melmuri|Marakkara|676517
Malappuram|Tirur|Niramaruthur|Niramaruthoor|676109
Malappuram|Tirur|Ozhur|Ozhur|676313
Malappuram|Tirur|Pariyapuram|Tirur|989 hectares
Malappuram|Tirur|Ponmala|Ponmala|676528
Malappuram|Tirur|Purathur|Purathur|676102
Malappuram|Tirur|Tanur|Tirur|960 hectares
Malappuram|Tirur|Valavannur|Valavannur|676551
Malappuram|Tirur|Vettom|Vettom|676102
Malappuram|Tirurangadi|Parappanangadi|Tirurangadi|744 hectares
Malappuram|Tirurangadi|Vallikkunnu|Vallikkunnu|673314
Palakkad|Alathur|Erimayur I|Erimayur|678546
Palakkad|Alathur|Erimayur Ii|Erimayur|678546
Palakkad|Alathur|Kannambra I|Kannambara|678686
Palakkad|Alathur|Kannambra Ii|Kannambara|678686
Palakkad|Alathur|Kavasseri I|Kavasery|678543
Palakkad|Alathur|Kavasseri Ii|Kavasery|678548
Palakkad|Alathur|Kizhakkencheri I|Kizhakkancherry|678684
Palakkad|Alathur|Kizhakkencheri Ii|Kizhakkancherry|678684
Palakkad|Alathur|Kottayi I|Kottayi|678572
Palakkad|Alathur|Kottayi Ii|Kottayi|678572
Palakkad|Alathur|Kuthannur I|Kuthanoor|678721
Palakkad|Alathur|Kuthannur Ii|Kuthanoor|678722
Palakkad|Alathur|Kuzhalmannam I|Kuzhalmannam|678702
Palakkad|Alathur|Kuzhalmannam Ii|Kuzhalmannam|678702
Palakkad|Alathur|Mangalam Dam|Vandazhy|678706
Palakkad|Alathur|Mathur I|Mathur|678571
Palakkad|Alathur|Mathur Ii|Mathur|678571
Palakkad|Alathur|Melarcode|Melarcode|678703
Palakkad|Alathur|Peringottukurissi I|Peringottukurissi|678573
Palakkad|Alathur|Peringottukurissi Ii|Peringottukurissi|678574
Palakkad|Alathur|Puducode|Puducode|678687
Palakkad|Alathur|Tarur I|Tarur|678547
Palakkad|Alathur|Tarur Ii|Tarur|678544
Palakkad|Alathur|Thenkurissi I|Thenkurissi|678671
Palakkad|Alathur|Thenkurissi Ii|Thenkurissi|678671
Palakkad|Alathur|Vadakkancheri I|Vadakkancheri|678683
Palakkad|Alathur|Vadakkancheri Ii|Vadakkancheri|678682
Palakkad|Alathur|Vandazhi I|Vandazhy|678706
Palakkad|Alathur|Vandazhi Ii|Vandazhy|678706
Palakkad|Chittur|Ayiloor|Ayiloor|678510
Palakkad|Chittur|Chittur|Nalleppilly|678501
Palakkad|Chittur|Elavancherry|Elavancherry|678508
Palakkad|Chittur|Eruthempathy|Eruthampathy|678555
Palakkad|Chittur|Kairady|Ayiloor|678510
Palakkad|Chittur|Koduvayur Ii|Koduvayur|678501
Palakkad|Chittur|Kollengode I|Kollengode|678506
Palakkad|Chittur|Kollengode Ii|Kollengode|678506
Palakkad|Chittur|Kozhinjampara|Kozhinjampara|678555
Palakkad|Chittur|Kozhipathy|Eruthampathy|678557
Palakkad|Chittur|Moolathara|Perumatty|678533
Palakkad|Chittur|Muthalamada I|Muthalamada|678507
Palakkad|Chittur|Muthalamada Ii|Muthalamada|678507
Palakkad|Chittur|Nalleppilly|Nalleppilly|678553
Palakkad|Chittur|Nelliyampathy|Nelliampathy|678508
Palakkad|Chittur|Nemmara|Nemmara|678508
Palakkad|Chittur|Ozhalapathy|Vadakarapathy|678557
Palakkad|Chittur|Pallassana|Pallassana|678505
Palakkad|Chittur|Pattanchery|Pattencherry|678532
Palakkad|Chittur|Perumatty|Perumatty|678534
Palakkad|Chittur|Thathamangalam|Pattencherry|678532
Palakkad|Chittur|Thekkedesom|Nalleppilly|678553
Palakkad|Chittur|Thiruvazhiyad|Ayiloor|678510
Palakkad|Chittur|Vadakarapathy|Vadakarapathy|678556
Palakkad|Chittur|Vadavannur|Vadavannur|678504
Palakkad|Chittur|Valiyavallampathy|Kozhinjampara|678555
Palakkad|Chittur|Vallanghy|Nemmara|678508
Palakkad|Chittur|Vandithavalam|Perumatty|678953
Palakkad|Mannarkad|Agali|Agali|678581
Palakkad|Mannarkad|Alanallur I|Alanallur|678601
Palakkad|Mannarkad|Alanallur Ii|Alanallur|678601
Palakkad|Mannarkad|Alanallur Iii|Alanallur|678602
Palakkad|Mannarkad|Kallamala|Agali|678582
Palakkad|Mannarkad|Karakurissi|Tachampara|678595
Palakkad|Mannarkad|Karimba I|Tachampara|678597
Palakkad|Mannarkad|Karimba Ii|Karimba|678596
Palakkad|Mannarkad|Kottathara|Sholayar|678581
Palakkad|Mannarkad|Kottoppadam I|Kottappadam|678583
Palakkad|Mannarkad|Kottoppadam Ii|Kottappadam|678583
Palakkad|Mannarkad|Kottoppadam Iii|Kottappadam|678583
Palakkad|Mannarkad|Kumaramputhur|Kumaramputhur|678583
Palakkad|Mannarkad|Mannarkad Ii|Thenkara|678761
Palakkad|Mannarkad|Padavayal|Agali|678582
Palakkad|Mannarkad|Palakkayam|Agali|678591
Palakkad|Mannarkad|Payyanadam|Kumaramputhur|678583
Palakkad|Mannarkad|Pottassery I|Kanjirampuzha|678598
Palakkad|Mannarkad|Pottassery Ii|Tachampara|678593
Palakkad|Mannarkad|Pudur|Pudur|678581
Palakkad|Mannarkad|Sholayur|Sholayar|678581
Palakkad|Mannarkad|Thachampara|Tachampara|678593
Palakkad|Mannarkad|Thachanattukara I|Thachanattukara|678583
Palakkad|Mannarkad|Thachanattukara Ii|Thachanattukara|678583
Palakkad|Ottappalam|Ambalapara I|Ambalapara|679512
Palakkad|Ottappalam|Ambalapara Ii|Ambalapara|679512
Palakkad|Ottappalam|Anakkara|Anakkara|679551
Palakkad|Ottappalam|Ananganadi|Ananganadi|679501
Palakkad|Ottappalam|Chalavara|Chalavara|679505
Palakkad|Ottappalam|Chalissery|Chalisseri|679536
Palakkad|Ottappalam|Cherpulacherry|Ottappalam|2760 hectares
Palakkad|Ottappalam|Kadampazhipuram I|Kadampazhipuram|678633
Palakkad|Ottappalam|Kadampazhipuram Ii|Kadampazhipuram|678632
Palakkad|Ottappalam|Kappur|Kappur|679552
Palakkad|Ottappalam|Karimpuzha I|Karimpuzha|679513
Palakkad|Ottappalam|Karimpuzha Ii|Karimpuzha|679513
Palakkad|Ottappalam|Koppam|Koppam|679307
Palakkad|Ottappalam|Kulukkallur|Kulukkallur|679337
Palakkad|Ottappalam|Lakkidi Perur I|Lakkidiperur|679301
Palakkad|Ottappalam|Lakkidi Perur Ii|Lakkidiperur|679302
Palakkad|Ottappalam|Nagalassery|Nagalassery|679533
Palakkad|Ottappalam|Nellaya|Nellaya|679335
Palakkad|Ottappalam|Parudur|Parudur|679305
Palakkad|Ottappalam|Pattithara|Thrithala|679534
Palakkad|Ottappalam|Sreekrishnapuram I|Sreekrishnapuram|679513
Palakkad|Ottappalam|Sreekrishnapuram Ii|Sreekrishnapuram|679514
Palakkad|Ottappalam|Thirumittacode I|Thirumittacode|679533
Palakkad|Ottappalam|Thiruvegapura|Thiruvegapuram|679304
Palakkad|Ottappalam|Thrikkadeeri I|Thrikkadeeri|679502
Palakkad|Ottappalam|Thrikkadeeri Ii|Thrikkadeeri|679503
Palakkad|Ottappalam|Vallapuzha|Vallapuzha|679336
Palakkad|Ottappalam|Vaniyamkulam I|Vaniamkulam|679522
Palakkad|Ottappalam|Vellinezhi|Vellinezhi|679503
Palakkad|Ottappalam|Vilayur|Vilayur|679309
Palakkad|Palakkad|Elappully I|Elappully|678622
Palakkad|Palakkad|Elappully Ii|Elappully|678622
Palakkad|Palakkad|Kannadi I|Kannadi|678701
Palakkad|Palakkad|Kannadi Ii|Kannadi|678701
Palakkad|Palakkad|Keralassery|Keralassery|678640
Palakkad|Palakkad|Kodumba|Kodumba|678551
Palakkad|Palakkad|Kongad I|Kongad|678631
Palakkad|Palakkad|Kongad Ii|Kongad|678631
Palakkad|Palakkad|Malampuzha I|Malampuzha|678651
Palakkad|Palakkad|Malampuzha Ii|Malampuzha|678732
Palakkad|Palakkad|Mankara|Mankara|678613
Palakkad|Palakkad|Mannur|Mannur|678642
Palakkad|Palakkad|Mundur I|Mundur|678592
Palakkad|Palakkad|Mundur Ii|Mundur|678592
Palakkad|Palakkad|Parli I|Parli|678612
Palakkad|Palakkad|Parli Ii|Parli|678611
Palakkad|Palakkad|Peruvemba|Peruvemba|678531
Palakkad|Palakkad|Polpully|Polpully|678552
Palakkad|Palakkad|Pudussery East|Pudusseri|678623
Palakkad|Palakkad|Puthuppariyaram I|Puduppariyaram|678731
Pathanamthitta|Adoor|Angadickal|Kodumon|691555
Pathanamthitta|Adoor|Enadimangalam|Enadimangalam|689695
Pathanamthitta|Adoor|Enathu|Ezhamkulam|691526
Pathanamthitta|Adoor|Erathu|Erathu|691551
Pathanamthitta|Adoor|Ezhamkulam|Ezhamkulam|691556
Pathanamthitta|Adoor|Kadampanadu|Kadampanadu|691552
Pathanamthitta|Adoor|Kalanjoor|Kalanjoor|689694
Pathanamthitta|Adoor|Kodumon|Kodumon|691555
Pathanamthitta|Adoor|Koodal|Kalanjoor|689693
Pathanamthitta|Adoor|Kurampala|Thumpamon|689501
Pathanamthitta|Adoor|Pallickal|Pallickal|691523
Pathanamthitta|Adoor|Pandalam|Adoor|1583 hectares
Pathanamthitta|Adoor|Pandalam Thekkekara|Thumpamon|689501
Pathanamthitta|Adoor|Peringanadu|Pallickal|691551
Pathanamthitta|Kozhenchery|Aranmula|Aranmula|689533
Pathanamthitta|Kozhenchery|Aruvappulam|Aruvapulam|689691
Pathanamthitta|Kozhenchery|Chenneerkara|Chenneerkara|689503
Pathanamthitta|Kozhenchery|Elanthoor|Elanthoor|689643
Pathanamthitta|Kozhenchery|Iravan|Konni|689692
Pathanamthitta|Kozhenchery|Kidangannur|Aranmula|689514
Pathanamthitta|Kozhenchery|Konni|Konni|689691
Pathanamthitta|Kozhenchery|Konnithazham|Thannithodu|689692
Pathanamthitta|Kozhenchery|Kulanada|Mezhuveli|689503
Pathanamthitta|Kozhenchery|Malayalapuzha|Malayalapuzha|689666
Pathanamthitta|Kozhenchery|Mallapuzhassery|Mallapuzhassery|689643
Pathanamthitta|Kozhenchery|Mezhuveli|Mezhuveli|689507
Pathanamthitta|Kozhenchery|Mylapra|Mylapra|689671
Pathanamthitta|Kozhenchery|Naranganam|Naranganam|689642
Pathanamthitta|Kozhenchery|Omalloor|Omallur|689647
Pathanamthitta|Kozhenchery|Pathanamthitta|Kozhenchery|228 hectares
Pathanamthitta|Kozhenchery|Pramadom|Pramadom|689691
Pathanamthitta|Kozhenchery|Thannithode|Thannithodu|689699
Pathanamthitta|Kozhenchery|Vallicode|Vallicode|689648
Pathanamthitta|Kozhenchery|Vallicode Kottayam|Pramadom|689656
Pathanamthitta|Mallappally|Anicad|Anicadu|680585
Pathanamthitta|Mallappally|Ezhumattoor|Ezhumattoor|689586
Pathanamthitta|Mallappally|Kallooppara|Kallooppara|689583
Pathanamthitta|Mallappally|Kottangal|Kottangal|686547
Pathanamthitta|Mallappally|Kunnamthanam|Kunnathanam|689581
Pathanamthitta|Mallappally|Mallappally|Mallappally|689585
Pathanamthitta|Mallappally|Perumpetty|Kottanadu|689592
Pathanamthitta|Mallappally|Puramattam|Puramattom|689543
Pathanamthitta|Mallappally|Thelliyoor|Ezhumattoor|689544
Pathanamthitta|Ranni|Angadi|Ranni Angadi|689674
Pathanamthitta|Ranni|Athikkayam|Naranamoozhy|689711
Pathanamthitta|Ranni|Ayiroor|Ayiroor|689611
Pathanamthitta|Ranni|Cherukole|Cherukole|689650
Pathanamthitta|Ranni|Chethakkal|Vechuchira|689677
Pathanamthitta|Ranni|Chittar Seethathodu|Seethathodu|689663
Pathanamthitta|Ranni|Kollamula|Vechuchira|686510
Pathanamthitta|Ranni|Pazhavangadi|Ranni Pazhavangadi|689673
Pathanamthitta|Ranni|Perunad|Ranni Perunad|689711
Pathanamthitta|Ranni|Ranni|Ranni|689672
Pathanamthitta|Ranni|Vadasserikkara|Vadasserikkara|689662
Pathanamthitta|Thiruvalla|Eraviperoor|Eraviperoor|689542
Pathanamthitta|Thiruvalla|Kadapra|Niranam|689104
Pathanamthitta|Thiruvalla|Kaviyoor|Kaviyoor|689582
Pathanamthitta|Thiruvalla|Kavumbhagom|Peringara|689102
Pathanamthitta|Thiruvalla|Koipuram|Koipuram|689548
Pathanamthitta|Thiruvalla|Kuttoor|Kuttoor|689106
Pathanamthitta|Thiruvalla|Nedumpuram|Nedumpuram|689110
Pathanamthitta|Thiruvalla|Niranam|Niranam|689621
Pathanamthitta|Thiruvalla|Peringara|Peringara|689108
Pathanamthitta|Thiruvalla|Thottapuzhassery|Thottapuzhassery|689549
Thiruvananthapuram|Chirayinkeezhu|Attingal Avanavancherry|Mudakkal|695301
Thiruvananthapuram|Chirayinkeezhu|Ayiroor|Elakamon|695310
Thiruvananthapuram|Chirayinkeezhu|Chemmaruthy|Chemmaruthy|695145
Thiruvananthapuram|Chirayinkeezhu|Edava|Edava|695311
Thiruvananthapuram|Chirayinkeezhu|Elamba Mudakkal|Mudakkal|695103
Thiruvananthapuram|Chirayinkeezhu|Kadakkavoor|Vakkom|695304
Thiruvananthapuram|Chirayinkeezhu|Karavaram|Karavaram|695605
Thiruvananthapuram|Chirayinkeezhu|Kilimanoor|Kilimanoor|695601
Thiruvananthapuram|Chirayinkeezhu|Koduvazhannoor|Pulimath|695612
Thiruvananthapuram|Chirayinkeezhu|Kudavoor|Navaikulam|695602
Thiruvananthapuram|Chirayinkeezhu|Madavoor|Madavoor|695602
Thiruvananthapuram|Chirayinkeezhu|Manamboor|Manamboor|695611
Thiruvananthapuram|Chirayinkeezhu|Nagaroor|Nagaroor|695601
Thiruvananthapuram|Chirayinkeezhu|Navaikulam|Navaikulam|695603
Thiruvananthapuram|Chirayinkeezhu|Ottoor|Ottoor|695611
Thiruvananthapuram|Chirayinkeezhu|Pallickal|Pallickal|695604
Thiruvananthapuram|Chirayinkeezhu|Pazhayakunnummel|Pazhayakunnummel|695601
Thiruvananthapuram|Chirayinkeezhu|Pulimath|Pulimath|695612
Thiruvananthapuram|Chirayinkeezhu|Sarkara Chirayinkeezhu|Chirayinkeezhu|695304
Thiruvananthapuram|Chirayinkeezhu|Vellalloor|Nagaroor|695601
Thiruvananthapuram|Chirayinkeezhu|Vettoor Cherunniyoor|Vettoor|695144
Thiruvananthapuram|Nedumangad|Anad|Anad|695541
Thiruvananthapuram|Nedumangad|Aruvikkara|Aruvikkara|695564
Thiruvananthapuram|Nedumangad|Aryanad|Aryanad|695541
Thiruvananthapuram|Nedumangad|Kallara|Kallara|695608
Thiruvananthapuram|Nedumangad|Koliyakode|Manickal|695607
Thiruvananthapuram|Nedumangad|Kurupuzha|Nanniyode|695562
Thiruvananthapuram|Nedumangad|Manikkal|Manickal|695606
Thiruvananthapuram|Nedumangad|Mannoorkara|Kuttichal|695542
Thiruvananthapuram|Nedumangad|Nellanad|Nellanad|695607
Thiruvananthapuram|Nedumangad|Palode|Nanniyode|695562
Thiruvananthapuram|Nedumangad|Panavoor|Panavoor|695568
Thiruvananthapuram|Nedumangad|Pangode|Pangode|695609
Thiruvananthapuram|Nedumangad|Peringamala|Nanniyode|695563
Thiruvananthapuram|Nedumangad|Perumkulam|Poovachal|695543
Thiruvananthapuram|Nedumangad|Pullampara|Pullampara|695607
Thiruvananthapuram|Nedumangad|Theakada|Vembayam|695615
Thiruvananthapuram|Nedumangad|Thennoor|Peringamala|695563
Thiruvananthapuram|Nedumangad|Tholicode|Vithura|695541
Thiruvananthapuram|Nedumangad|Uzhamalackal|Uzhamalackal|695542
Thiruvananthapuram|Nedumangad|Vamanapuram|Vamanapuram|695606
Thiruvananthapuram|Nedumangad|Veeranakavu|Poovachal|695572
Thiruvananthapuram|Nedumangad|Vellanad|Vellanad|695543
Thiruvananthapuram|Nedumangad|Vembayam|Vembayam|695615
Thiruvananthapuram|Nedumangad|Vithura|Vithura|695551
Thiruvananthapuram|Neyyattinkara|Amboori|Vellarada|695505
Thiruvananthapuram|Neyyattinkara|Anavoor|Vellarada|695124
Thiruvananthapuram|Neyyattinkara|Chenkal|Chenkal|695127
Thiruvananthapuram|Neyyattinkara|Kallikkad|Kallikkadu|695572
Thiruvananthapuram|Neyyattinkara|Karode|Karode|695502
Thiruvananthapuram|Neyyattinkara|Karumkulam|Karumkulam|695526
Thiruvananthapuram|Neyyattinkara|Keezharoor|Perumkadavila|695130
Thiruvananthapuram|Neyyattinkara|Kollayil|Kollayil|695122
Thiruvananthapuram|Neyyattinkara|Kottukal|Kottukal|695509
Thiruvananthapuram|Neyyattinkara|Kovalam|Kottukal|695521
Thiruvananthapuram|Neyyattinkara|Kulathoor|Kulathoor|695506
Thiruvananthapuram|Neyyattinkara|Kunnathukal|Kunnathukal|695504
Thiruvananthapuram|Neyyattinkara|Maranalloor|Maranalloor|695507
Thiruvananthapuram|Neyyattinkara|Ottasekharamangalam|Ottasekharamangalam|695125
Thiruvananthapuram|Neyyattinkara|Perumkadavila|Perumkadavila|695124
Thiruvananthapuram|Neyyattinkara|Thirupuram|Thirupuram|695133
Thiruvananthapuram|Neyyattinkara|Vazhichal|Kallikkadu|695572
Thiruvananthapuram|Neyyattinkara|Vellarada|Vellarada|695505
Thiruvananthapuram|Neyyattinkara|Vizhinjam|Kottukal|695521
Thiruvananthapuram|Thiruvananthapuram|Andoorkonam|Andoorkonam|695584
Thiruvananthapuram|Thiruvananthapuram|Kadinamkulam|Kadinamkulam|695301
Thiruvananthapuram|Thiruvananthapuram|Keezhthonnakkal|Pothencode|695317
Thiruvananthapuram|Thiruvananthapuram|Melthonnakkal|Mangalapuram|695317
Thiruvananthapuram|Thiruvananthapuram|Menamkulam|Kadinamkulam|695582
Thrissur|Chavakkad|Annakara|Mullassery|680508
Thrissur|Chavakkad|Engandiyur|Engandiyur|680615
Thrissur|Chavakkad|Irimbranallur|Venkitangu|680616
Thrissur|Chavakkad|Kadappuram|Kadappuram|680514
Thrissur|Chavakkad|Kundazhiyur|Venkitangu|680524
Thrissur|Chavakkad|Nattika|Nattika|680566
Thrissur|Chavakkad|Valappad|Valappad|680567
Thrissur|Kodungallur|Azhikode|Eriyad|680673
Thrissur|Kodungallur|Koolimuttam|Mathilakam|680691
Thrissur|Kodungallur|Padinjare Vemballur|Sree Narayanapuram|680671
Thrissur|Mukundapuram|Alathur|Annamanada|680741
Thrissur|Mukundapuram|Alur|Mukundapuram|1767 hectares
Thrissur|Mukundapuram|Anandapuram|Muriyad|680323
Thrissur|Mukundapuram|Annallur|Mala|680731
Thrissur|Mukundapuram|Chengallur|Pudukkod|680312
Thrissur|Mukundapuram|Elanjipra|Pariyaram|680721
Thrissur|Mukundapuram|Irinjalakuda|Muriyad|680121
Thrissur|Mukundapuram|Kaduppassery|Vellookkara|680731
Thrissur|Mukundapuram|Kakkulissery|Kuzhur|680734
Thrissur|Mukundapuram|Kallur|Trikkur|680317
Thrissur|Mukundapuram|Karalam|Karalam|680701
Thrissur|Mukundapuram|Karumathra|Vellangallur|680123
Thrissur|Mukundapuram|Kizhakkummuri|Koratty|680308
Thrissur|Mukundapuram|Kodakara|Kodakara|680684
Thrissur|Mukundapuram|Kodassery|Kodassery|680721
Thrissur|Mukundapuram|Kottanellur|Vellookkara|680662
Thrissur|Mukundapuram|Kuruvilassery|Annamanada|680732
Thrissur|Mukundapuram|Kuttichira|Kodassery|680724
Thrissur|Mukundapuram|Mattathur|Mattathur|680684
Thrissur|Mukundapuram|Melur|Melur|680311
Thrissur|Mukundapuram|Mupliyam|Varandarappilly|680312
Thrissur|Mukundapuram|Muriyad|Muriyad|680683
Thrissur|Mukundapuram|Nandipulam|Varandarappilly|680312
Thrissur|Mukundapuram|Nellayi|Parappukkara|680305
Thrissur|Mukundapuram|Pariyaram|Pariyaram|680721
Thrissur|Mukundapuram|Puthenchira|Puthenchira|680682
Thrissur|Mukundapuram|Thazhekkad|Alur|680697
Thrissur|Mukundapuram|Thirumukkulam|Kuzhur|680734
Thrissur|Mukundapuram|Thottippal|Parappukkara|680310
Thrissur|Mukundapuram|Vadakkumbhagom|Mala|680731
Thrissur|Mukundapuram|Vallivattom|Vellangallur|680124
Thrissur|Mukundapuram|Varandarappilly|Varandarappilly|680303
Thrissur|Mukundapuram|Vellikulangara|Mattathur|680699
Thrissur|Talappilly|Arangottukara|Varavoor|679532
Thrissur|Talappilly|Attoor|Mullurkara|680583
Thrissur|Talappilly|Chelakode|Kondazhy|680587
Thrissur|Talappilly|Chemmanthatta|Chowwannur|680501
Thrissur|Talappilly|Chowwannur|Chowwannur|680517
Thrissur|Talappilly|Elanad|Pazhayannur|680586
Thrissur|Talappilly|Kadangode|Kadangode|680584
Thrissur|Talappilly|Kanipayyur|Porkulam|680517
Thrissur|Talappilly|Kanjirakode|Talappilly|820 hectares
Thrissur|Talappilly|Karumathara|Thekkumkara|680589
Thrissur|Talappilly|Killimangalam|Panjal|680591
Thrissur|Talappilly|Kiralur|Velur|680601
Thrissur|Talappilly|Kondazhy|Kondazhy|679106
Thrissur|Talappilly|Kurumala|Chelakkara|680586
Thrissur|Talappilly|Manalithara|Thekkumkara|680589
Thrissur|Talappilly|Mangad|Porkulam|680542
Thrissur|Talappilly|Mayannur|Kondazhy|679105
Thrissur|Talappilly|Mullurkara|Mullurkara|680583
Thrissur|Talappilly|Painkulam|Panjal|679531
Thrissur|Talappilly|Pallur|Desamangalam|679532
Thrissur|Talappilly|Pampady|Thiruvilwamala|680588
Thrissur|Talappilly|Pangarappilly|Chelakkara|680586
Thrissur|Talappilly|Panjal|Panjal|679531
Thrissur|Talappilly|Parlikad|Talappilly|379 hectares
Thrissur|Talappilly|Pazhayannur|Pazhayannur|680587
Thrissur|Talappilly|Perumpilavu|Kadavallur|680519
Thrissur|Talappilly|Pilakkad|Varavoor|680585
Thrissur|Talappilly|Pulakode|Chelakkara|680586
Thrissur|Talappilly|Puthuruthy|Talappilly|528 hectares
Thrissur|Talappilly|Thalassery|Varavoor|679532
Thrissur|Talappilly|Thayyur|Velur|680584
Thrissur|Talappilly|Thekkumkara|Thekkumkara|680589
Thrissur|Talappilly|Thichur|Varavoor|680001
Thrissur|Talappilly|Thiruvilwamala|Thiruvilwamala|680588
Thrissur|Talappilly|Thonnurkara|Chelakkara|680586
Thrissur|Talappilly|Vadakkethara|Pazhayannur|680587
Thrissur|Talappilly|Varavoor|Varavoor|680585
Thrissur|Talappilly|Vellarakkad|Kadangode|680584
Thrissur|Talappilly|Vellattanjur|Erumapetty|680601
Thrissur|Talappilly|Venganellur|Panjal|680586
Thrissur|Talappilly|Vennur|Pazhayannur|680587
Thrissur|Talappilly|Viruppakka|Thekkumkara|680589
Thrissur|Thrissur|Alappad|Chazhoor|680641
Thrissur|Thrissur|Arattupuzha|Vallachira|680562
Thrissur|Thrissur|Chalakkal|Tholur|680551
Thrissur|Thrissur|Chazhoor|Chazhoor|680571
Thrissur|Thrissur|Inchamudi|Chazhoor|680564
Thrissur|Thrissur|Madakkathara|Madakkathara|680651
Thrissur|Thrissur|Mannamangalam|Puthur|680014
Thrissur|Thrissur|Mulayam|Nadathara|680751
Thrissur|Thrissur|Pallippuram|Paralam|680574
Thrissur|Thrissur|Pananchery|Pananchery|680652
Thrissur|Thrissur|Peechi|Pananchery|680653
Thrissur|Thrissur|Pullu|Anthicad|680641
Thrissur|Thrissur|Velappaya|Avanur|680596
Wayanad|Mananthavady|Anchukunnu|Panamaram|670645
Wayanad|Mananthavady|Cherukottur|Panamaram|670721
Wayanad|Mananthavady|Edavaka|Edavaka|670645
Wayanad|Mananthavady|Kanjirangad|Thondernad|670731
Wayanad|Mananthavady|Mananthavady|Mananthavady|5434 hectares
Wayanad|Mananthavady|Nalloornad|Edavaka|670645
Wayanad|Mananthavady|Panamaram|Panamaram|670721
Wayanad|Mananthavady|Payyampally|Mananthavady|2555 hectares
Wayanad|Mananthavady|Periya|Thavinhal|670644
Wayanad|Mananthavady|Porunnanore|Vellamunda|670645
Wayanad|Mananthavady|Thavinhal|Thavinhal|670644
Wayanad|Mananthavady|Thirunelly|Thirunelly|670646
Wayanad|Mananthavady|Thondernad|Thondernad|670731
Wayanad|Mananthavady|Thrissilery|Thirunelly|670646
Wayanad|Mananthavady|Valat|Thavinhal|670644
Wayanad|Mananthavady|Vellamunda|Vellamunda|670731
Wayanad|Sulthanbathery|Ambalavayal|Ambalavayal|673593
Wayanad|Sulthanbathery|Cheeral|Nenmeni|673595
Wayanad|Sulthanbathery|Irulam|Poothadi|673579
Wayanad|Sulthanbathery|Kidanganad|Noolpuzha|673592
Wayanad|Sulthanbathery|Krishnagiri|Meenangadi|673591
Wayanad|Sulthanbathery|Kuppadi|Noolpuzha|673592
Wayanad|Sulthanbathery|Nadavayal|Poothadi|670721
Wayanad|Sulthanbathery|Nenmeni|Nenmeni|673592
Wayanad|Sulthanbathery|Noolpuzha|Noolpuzha|673592
Wayanad|Sulthanbathery|Padichira|Pulpalli|673579
Wayanad|Sulthanbathery|Poothadi|Poothadi|673596
Wayanad|Sulthanbathery|Pulpalli|Pulpalli|673579
Wayanad|Sulthanbathery|Purakkadi|Meenangadi|673591
Wayanad|Sulthanbathery|Sulthanbathery|Sulthanbathery|1963 hectares
Wayanad|Sulthanbathery|Thomattuchal|Ambalavayal|673581
Wayanad|Vythiri|Achooranam|Pozhuthana|673575
Wayanad|Vythiri|Chundale|Vythiri|673123
Wayanad|Vythiri|Kaniambetta|Kaniambetta|673121
Wayanad|Vythiri|Kavumannam|Thariyode|673121
Wayanad|Vythiri|Kottappadi|Meppadi|673577
Wayanad|Vythiri|Kottathara|Kottathara|673121
Wayanad|Vythiri|Kunnathidavaka|Vythiri|673576
Wayanad|Vythiri|Kuppadithara|Padinharethara|670645
Wayanad|Vythiri|Muppainad|Muppainadu|673581
Wayanad|Vythiri|Muttil North|Muttil|673122
Wayanad|Vythiri|Muttil South|Muttil|673122
Wayanad|Vythiri|Padinharethara|Padinharethara|673575
Wayanad|Vythiri|Pozhuthana|Pozhuthana|673575
Wayanad|Vythiri|Thariyode|Thariyode|673575
Wayanad|Vythiri|Thrikkaipatta|Meppadi|673577
Wayanad|Vythiri|Vellarimala|Muppainadu|673578
Wayanad|Vythiri|Vengappally|Vengappally|673121
