Dhalai,Ambassa,Auliraipara,Ambassa,712 hectares
Dhalai,Ambassa,Bagmara,Ambassa,1381 hectares
Dhalai,Ambassa,Balaram,Ambassa,678 hectares
Dhalai,Ambassa,Baluchhara,Ambassa,2340 hectares
Dhalai,Ambassa,Batabari,Kekmachera,799289
Dhalai,Ambassa,Chakmapara,Ambassa,1752 hectares
Dhalai,Ambassa,Dangamapara,Kekmachera,799289
Dhalai,Ambassa,Ganganagar,Ambassa,1510 hectares
Dhalai,Ambassa,Gangaprasadpara,North Kachucherra,799289
Dhalai,Ambassa,Gurudhanpara,Ambassa,2072 hectares
Dhalai,Ambassa,Harimangalpara,Ambassa,1530 hectares
Dhalai,Ambassa,Jagannathpur,Ambassa,582 hectares
Dhalai,Ambassa,Kamalachhara,Ambassa,493 hectares
Dhalai,Ambassa,Kanchanpur,Ambassa,60.97 hectares
Dhalai,Ambassa,Karmapara,Ambassa,1061 hectares
Dhalai,Ambassa,Karnamanipara,Ambassa,550 hectares
Dhalai,Ambassa,Kathalbari,Ambassa,1189 hectares
Dhalai,Ambassa,Khamupara,West Lalchari,799289
Dhalai,Ambassa,Khowaipara,Ambassa,902 hectares
Dhalai,Ambassa,Kulai,Kulai,799204
Dhalai,Ambassa,Kulai R F,Basudeb Para,799289
Dhalai,Ambassa,Lalchhara,West Lalchari,799289
Dhalai,Ambassa,Lalchhari,Ambassa,785 hectares
Dhalai,Ambassa,Paschim Nalichhara,Ambassa,1487 hectares
Dhalai,Ambassa,Purba Nalichhara,West Balaram,799204
Dhalai,Ambassa,Pustaraipara,Ambassa,1693 hectares
Dhalai,Ambassa,Radharambari,Ambassa,608 hectares
Dhalai,Ambassa,Raipasa,Ambassa,288 hectares
Dhalai,Ambassa,Sardinkhapara,Ambassa,1350 hectares
Dhalai,Ambassa,Satbhaiyapara,Ambassa,1188 hectares
Dhalai,Ambassa,Siddhapara,Ambassa,2652 hectares
Dhalai,Ambassa,Sikaribari,Ambassa,2073 hectares
Dhalai,Ambassa,Tetaiya,Ambassa,2914 hectares
Dhalai,Ambassa,Ulemchhara,Ambassa,3240 hectares
Dhalai,Chhamanu,Central Catchment R F,Chhamanu,22270 hectares
Dhalai,Chhamanu,Dakshin Longtarai,Chhamanu,918 hectares
Dhalai,Chhamanu,Debchhara,Chhamanu,1122 hectares
Dhalai,Chhamanu,Durgachhara,Chhamanu,836 hectares
Dhalai,Chhamanu,Joychandra Para,Chhamanu,560 hectares
Dhalai,Chhamanu,Makarchhara,Chhamanu,117 hectares
Dhalai,Chhamanu,Manikpur,Chhamanu,320 hectares
Dhalai,Chhamanu,Manu Chhailengta R F,Chhamanu,11799.5 hectares
Dhalai,Chhamanu,Paschim Chhamanu,Chhamanu,1037 hectares
Dhalai,Chhamanu,Purba Chhamanu,Chhamanu,2238 hectares
Dhalai,Chhamanu,Sadhujan Para,Chhamanu,1572 hectares
Dhalai,Chhamanu,Sonapur,Chhamanu,993 hectares
Dhalai,Chhamanu,Uttar Longtarai,Chhamanu,665 hectares
Dhalai,Dumburnagar,Barabari,Dumburnagar,1595 hectares
Dhalai,Dumburnagar,Bhagirath Para,Dumburnagar,792 hectares
Dhalai,Dumburnagar,Birchandranagar,Dumburnagar,1493 hectares
Dhalai,Dumburnagar,Boalkhali,Dumburnagar,1566 hectares
Dhalai,Dumburnagar,Bulongbasa,Dumburnagar,1128 hectares
Dhalai,Dumburnagar,Chitrajhari,Dumburnagar,1333 hectares
Dhalai,Dumburnagar,Dalapatipara,Dumburnagar,1361 hectares
Dhalai,Dumburnagar,Dhalajhari,Dumburnagar,1048 hectares
Dhalai,Dumburnagar,Jagabandhupara,Dumburnagar,1516 hectares
Dhalai,Dumburnagar,Jarulchhara,Dumburnagar,1282 hectares
Dhalai,Dumburnagar,Jinaraipara,Dumburnagar,1483 hectares
Dhalai,Dumburnagar,Joyrampur,Dumburnagar,1411 hectares
Dhalai,Dumburnagar,Kamalakhal,Dumburnagar,1239 hectares
Dhalai,Dumburnagar,Kamalasram,Dumburnagar,1185 hectares
Dhalai,Dumburnagar,Khederkot,Dumburnagar,587 hectares
Dhalai,Dumburnagar,Laxmipur,Dumburnagar,1730 hectares
Dhalai,Dumburnagar,Malyansingh,Dumburnagar,1300 hectares
Dhalai,Dumburnagar,Paschim Gandachhara,Dumburnagar,1264 hectares
Dhalai,Dumburnagar,Paschim Kalyansingh,Dumburnagar,619 hectares
Dhalai,Dumburnagar,Paschim Potachhara,Dumburnagar,1474 hectares
Dhalai,Dumburnagar,Paschim Raima,Dumburnagar,1501 hectares
Dhalai,Dumburnagar,Purba Gandachhara,Dumburnagar,954 hectares
Dhalai,Dumburnagar,Purba Kalajhari R F,Dumburnagar,9526 hectares
Dhalai,Dumburnagar,Purba Kalyansingh,Dumburnagar,872 hectares
Dhalai,Dumburnagar,Purba Potachhara,Dumburnagar,1129 hectares
Dhalai,Dumburnagar,Purba Raima,Dumburnagar,2120 hectares
Dhalai,Dumburnagar,Ramnagar,Dumburnagar,1304 hectares
Dhalai,Dumburnagar,Ranipukur,Dumburnagar,986 hectares
Dhalai,Dumburnagar,Ratan Nagar,Dumburnagar,1138 hectares
Dhalai,Dumburnagar,Sardong,Dumburnagar,1257 hectares
Dhalai,Dumburnagar,Sarma,Dumburnagar,1255 hectares
Dhalai,Dumburnagar,Sipasingh,Dumburnagar,1238 hectares
Dhalai,Dumburnagar,Sukraichhara,Dumburnagar,1204 hectares
Dhalai,Dumburnagar,Thakurchhara,Dumburnagar,1355 hectares
Dhalai,Dumburnagar,Tuichama,Dumburnagar,1226 hectares
Dhalai,Dumburnagar,Ultachhara,Dumburnagar,1151 hectares
Dhalai,Dumburnagar,Uttaraipara,Dumburnagar,1060 hectares
Dhalai,Manu,Chailengta,Manu,557 hectares
Dhalai,Manu,Dakshin Dhumachhara,Manu,822 hectares
Dhalai,Manu,Demchhara,Manu,1091 hectares
Dhalai,Manu,Deo Reserve Forest,Manu,344 hectares
Dhalai,Manu,Gainarma,Manu,378 hectares
Dhalai,Manu,Ghagrachhara,Manu,1229 hectares
Dhalai,Manu,Jamirchhara,Manu,108 hectares
Dhalai,Manu,Jarulchhara,Manu,856 hectares
Dhalai,Manu,Kanchanchhara,Manu,1385 hectares
Dhalai,Manu,Karatichhara,Manu,1262 hectares
Dhalai,Manu,Kathalchhara,Manu,1074 hectares
Dhalai,Manu,Lalchhara,Manu,1218 hectares
Dhalai,Manu,Longtarai R F,Manu,9179 hectares
Dhalai,Manu,Mainama,Manu,1081 hectares
Dhalai,Manu,Manu Chhailengta R F,Manu,11799.5 hectares
Dhalai,Manu,Nalkata,Manu,1377 hectares
Dhalai,Manu,Paschim Karamchhara,Manu,1165 hectares
Dhalai,Manu,Paschim Masli,Manu,827 hectares
Dhalai,Manu,Purba Karamchhara,Manu,421 hectares
Dhalai,Manu,Purba Masli,Manu,1504 hectares
Dhalai,Manu,Ultachhara,Manu,1317 hectares
Dhalai,Manu,Uttar Dhumachhara,Manu,474 hectares
Dhalai,Salema,Abhanga,Santirbazar,799286
Dhalai,Salema,Apareshkar,Salema,699 hectares
Dhalai,Salema,Bamanchhara,West Kuchainala,799286
Dhalai,Salema,Baralutma,Baralutma,799286
Dhalai,Salema,Barasurma,Maracherra,799286
Dhalai,Salema,Bishnupur,Mayachari,799286
Dhalai,Salema,Chankap,Chankap,799286
Dhalai,Salema,Chhetrai,Salema,574 hectares
Dhalai,Salema,Chotasurma,Choto Surma,799285
Dhalai,Salema,Chulubari,Chulubari,799286
Dhalai,Salema,Dab Bari,Dabbari,799278
Dhalai,Salema,Dakshin Bilashchhara,South Kalachari,799278
Dhalai,Salema,Darang Tilla,Salema,157 hectares
Dhalai,Salema,Debichhara,Debicherra,799286
Dhalai,Salema,Duraichhara,Duraishib Bari,799287
Dhalai,Salema,Ganganagar,Mohanpur,799289
Dhalai,Salema,Halahali,Halhali,799286
Dhalai,Salema,Halhuli,Halhuli,799286
Dhalai,Salema,Harerkhola,Harerkhola,799286
Dhalai,Salema,Jamthumbari,Salema,466 hectares
Dhalai,Salema,Kachuchhara,Salema,1181 hectares
Dhalai,Salema,Katalutma,Salema,1596 hectares
Dhalai,Salema,Kuchainala,Kuchainala,799286
Dhalai,Salema,Lambuchhara,East Lamboochara,799286
Dhalai,Salema,Latiachhara,Salema,1769 hectares
Dhalai,Salema,Longtarai R F,Salema,3068 hectares
Dhalai,Salema,Mahabir,Mahabir,799286
Dhalai,Salema,Maharani,Salema,256 hectares
Dhalai,Salema,Manik Bhandar,Manikbhandar,799287
Dhalai,Salema,Marachhara,Maracherra,799285
Dhalai,Salema,Mayachhari,Mayachari,799286
Dhalai,Salema,Mendi,Salema,1815 hectares
Dhalai,Salema,Michhuria,Mechuria,799278
Dhalai,Salema,Mohanpur,Mohanpur,799285
Dhalai,Salema,Mothirmia,Kuchainala,799286
Dhalai,Salema,Nakful,Salema,246 hectares
Dhalai,Salema,Noagaon,Noagaon,799285
Dhalai,Salema,Panbua,Salema,1247 hectares
Dhalai,Salema,Panchasi,Halhuli,799286
Dhalai,Salema,Paschim Daluchhara,West Dalucherra,799278
Dhalai,Salema,Purba Daluchhara,East Dalucherra,799278
Dhalai,Salema,Salema,Singinala,799278
Dhalai,Salema,Simbuchak,Salema,1142 hectares
Dhalai,Salema,Srirampur,Salema,1073 hectares
Dhalai,Salema,Uttar Bilashchhara,Bilashcherra,799278
North Tripura,Damchhara,Bangsul,Damchhara,1095 hectares
North Tripura,Damchhara,Damchhara,Damchhara,1336 hectares
North Tripura,Damchhara,Damchhara R F,Damchhara,6024 hectares
North Tripura,Damchhara,Indurail,Damchhara,1336 hectares
North Tripura,Damchhara,Juri R F,Damchhara,3604 hectares
North Tripura,Damchhara,Kacharichhara,Damchhara,1386 hectares
North Tripura,Damchhara,Kalagang,Damchhara,506 hectares
North Tripura,Damchhara,Khedachhara,Damchhara,1729 hectares
North Tripura,Damchhara,Narendranagar,Damchhara,639 hectares
North Tripura,Damchhara,Piplachhara,Damchhara,2216 hectares
North Tripura,Damchhara,Rahumchhara,Damchhara,774 hectares
North Tripura,Dasda,Belianchief,Dasda,1305 hectares
North Tripura,Dasda,Central Catchment R F,Dasda,395 hectares
North Tripura,Dasda,Chandipur,Dasda,1323 hectares
North Tripura,Dasda,Dasda Laxmipur,Dasda,1730 hectares
North Tripura,Dasda,Dasmanipara,Dasda,1385 hectares
North Tripura,Dasda,Gachirampara,Dasda,2405 hectares
North Tripura,Dasda,Jamraipara,Dasda,1812 hectares
North Tripura,Dasda,Jayantipara,Dasda,490 hectares
North Tripura,Dasda,Kalapania,Kalapania,799271
North Tripura,Dasda,Kamarmara,Dasda,683 hectares
North Tripura,Dasda,Kanchanchhara,Dasda,1563 hectares
North Tripura,Dasda,Laljuri,Dasda,321.5 hectares
North Tripura,Dasda,Lambachhara,North Lembucherra,799271
North Tripura,Dasda,Manu Chailengta R F,Dasda,5031 hectares
North Tripura,Dasda,Paschim Tlangsanbari,Dasda,866 hectares
North Tripura,Dasda,Ramprasaipara,Dasda,831 hectares
North Tripura,Dasda,Santipur,Dasda,289 hectares
North Tripura,Dasda,Satnala,Dasda,2385 hectares
North Tripura,Dasda,Sibnagar,Dasda,543 hectares
North Tripura,Dasda,Sunitipur,Dasda,1203 hectares
North Tripura,Dasda,Taiyangpara,Dasda,1136 hectares
North Tripura,Dasda,Tuichhama,Dasda,1879 hectares
North Tripura,Dasda,Ujan Machhmara R F,Dasda,10902 hectares
North Tripura,Gournagar,Bhagaban Nagar,Bhagaban Nagar,799279
North Tripura,Gournagar,Bilashpur,Bilashpur,799280
North Tripura,Gournagar,Birchandranagar,Birchandra Nagar,799280
North Tripura,Gournagar,Chandipur,Manu Valley,799277
North Tripura,Gournagar,Chhantail,Chantail,799279
North Tripura,Gournagar,Debasthal,Gournagar,383 hectares
North Tripura,Gournagar,Deorachhara,Gournagar,551 hectares
North Tripura,Gournagar,Dhaliarkandi,Yeajakhowra,799281
North Tripura,Gournagar,Dhanbilash,Dhanbilash,799280
North Tripura,Gournagar,Dhatuchhara,Gournagar,665 hectares
North Tripura,Gournagar,Fultali,Fultali,799280
North Tripura,Gournagar,Golakpur,Gournagar,1732 hectares
North Tripura,Gournagar,Gournagar,Gournagar,N/A
North Tripura,Gournagar,Guldharpur,Goldharpur,799279
North Tripura,Gournagar,Halaichhara,Sorojini,799277
North Tripura,Gournagar,Hirachhara,Gournagar,624 hectares
North Tripura,Gournagar,Ichabpur,Ichabpur,799277
North Tripura,Gournagar,Irani,Khowrabil,799281
North Tripura,Gournagar,Jalai,Jalai,799260
North Tripura,Gournagar,Jarultali,Jarultali,799280
North Tripura,Gournagar,Jubarajnagar,Srinathpur,799281
North Tripura,Gournagar,Kamarangabari,Gournagar,799279
North Tripura,Gournagar,Kanakpur,Noorpur,799277
North Tripura,Gournagar,Kaulikura,Kaulikura,799280
North Tripura,Gournagar,Khowrabil,Maguruli,799281
North Tripura,Gournagar,Latiapur,Rangauti,799281
North Tripura,Gournagar,Laxmipur,Laxmipur,799281
North Tripura,Gournagar,Manu Valley,Manu Valley,799277
North Tripura,Gournagar,Murtichhara,Murticherra,799277
North Tripura,Gournagar,Pakhirbada,Ichabpur,799277
North Tripura,Gournagar,Rangauti,Rangauti,799281
North Tripura,Gournagar,Rangrung,Rangrung,799277
North Tripura,Gournagar,Samaruhala R F,Gournagar,934 hectares
North Tripura,Gournagar,Samrurpar,Samrurpar,799277
North Tripura,Gournagar,Sonamukhi,Jalai,799280
North Tripura,Gournagar,Srinathpur,Srinathpur,799281
North Tripura,Gournagar,Srirampur,Srirampur,799279
North Tripura,Gournagar,Tilagaon,Tillagaon,799281
North Tripura,Gournagar,Uttar Unakuti R F,Gournagar,2805 hectares
North Tripura,Jampuii hills,Banglabari,Jampuii Hills,856 hectares
North Tripura,Jampuii hills,Belianchief,Jampuii Hills,1305 hectares
North Tripura,Jampuii hills,Bhangmun,Jampuii Hills,2263 hectares
North Tripura,Jampuii hills,Central Catchment R F,Jampuii Hills,19131 hectares
North Tripura,Jampuii hills,Kalagang,Jampuii Hills,505 hectares
North Tripura,Jampuii hills,Paschim Manpai,Jampuii Hills,1839 hectares
North Tripura,Jampuii hills,Paschim Tlangsangbari,Jampuii Hills,866 hectares
North Tripura,Jampuii hills,Purba Manpai,Jampuii Hills,1159 hectares
North Tripura,Jampuii hills,Sabual,Jampuii Hills,747 hectares
North Tripura,Jampuii hills,Sailo,Jampuii Hills,1465 hectares
North Tripura,Jampuii hills,Simblong,Jampuii Hills,2293 hectares
North Tripura,Jampuii hills,Tlakchi,Jampuii Hills,1945 hectares
North Tripura,Kadamtala,Baruakandi,Sakaibari,799251
North Tripura,Kadamtala,Bhagyapur,Bhagyapur,799251
North Tripura,Kadamtala,Bishnupur,Bishnupur,799251
North Tripura,Kadamtala,Brajendranagar,Sarala,799261
North Tripura,Kadamtala,Chandpur,Laxminagar,799277
North Tripura,Kadamtala,Churaibari,North Fulbari,799262
North Tripura,Kadamtala,Hurua,South Hurua,799251
North Tripura,Kadamtala,Ichailalchhara,West Ichailalcherra,799251
North Tripura,Kadamtala,Kadamtala,South Kadamtala,N/A
North Tripura,Kadamtala,Kurti,Rajnagar,799263
North Tripura,Kadamtala,Laxminagar,Laxminagar,799251
North Tripura,Kadamtala,Maheshpur,Kadamtala,367 hectares
North Tripura,Kadamtala,Piarachhara,Tarakpur,799261
North Tripura,Kadamtala,Pratyekrai,Gobindapur,799251
North Tripura,Kadamtala,Ragna,Raghna,799251
North Tripura,Kadamtala,Ranibari,Ranibari,799261
North Tripura,Kadamtala,Sanichhara,Sanicherra,799262
North Tripura,Kadamtala,Sarala,Kadamtala,525 hectares
North Tripura,Kadamtala,Saraspur,Saraspur,799261
North Tripura,Kadamtala,Satsangam,Satsangam,799261
North Tripura,Kumarghat,Betchhara,East Ratacherra,799264
North Tripura,Kumarghat,Dakshin Unakuti R F,Kumarghat,1688 hectares
North Tripura,Kumarghat,Dengdung,Kumarghat,1295 hectares
North Tripura,Kumarghat,Deo Reserve Forest,Kumarghat,2923 hectares
North Tripura,Kumarghat,Dudhpur,Ujandudpur,799288
North Tripura,Kumarghat,Gakulnagar,Gakulnagar,799290
North Tripura,Kumarghat,Ganganagar,Ganganagar,799290
North Tripura,Kumarghat,Jagannathpur,Jagannathpur,799280
North Tripura,Kumarghat,Krishnanagar,Krishnanagar,799263
North Tripura,Kumarghat,Kumarghat,Kumarghat,324.07 hectares
North Tripura,Kumarghat,Laljuri,Laljuri,799270
North Tripura,Kumarghat,Masauli,West Masauli,799288
North Tripura,Kumarghat,Natingchhara,Kumarghat,178 hectares
North Tripura,Kumarghat,Pabiachhara,Sukanta Nagar,799264
North Tripura,Kumarghat,Paschim Kanchanbari,West Kanchanbari,799288
North Tripura,Kumarghat,Paschim Ratachhara,West Ratacherra,799290
North Tripura,Kumarghat,Purba Kanchanbari,East Kanchanbari,799288
North Tripura,Kumarghat,Purba Ratachhara,Saidarpar,799290
North Tripura,Kumarghat,Radhanagar,Radhanagar,799263
North Tripura,Kumarghat,Rajkandi,Kumarghat,1254 hectares
North Tripura,Kumarghat,Saidachhara,Kumarghat,1372 hectares
North Tripura,Kumarghat,Sonaimuri,Sonaimuri,799280
North Tripura,Panisagar,Bagbasa,West Dewanpasa,799253
North Tripura,Panisagar,Balidhum,Panisagar,1738 hectares
North Tripura,Panisagar,Bilthai,Bilthai,799260
North Tripura,Panisagar,Dakshin Padmabil,South Padmabill,799260
North Tripura,Panisagar,Deochhara,North Deocherra,799260
North Tripura,Panisagar,Dhupirband,Lalcherra,799253
North Tripura,Panisagar,Ganganagar,South Ganganagar,799290
North Tripura,Panisagar,Indurail,Panisagar,1336 hectares
North Tripura,Panisagar,Jalebasa,Jalabasa,799260
North Tripura,Panisagar,Jubarajnagar,Jubarajnagar,799254
North Tripura,Panisagar,Kameswar,Tangibari,799253
North Tripura,Panisagar,Paschim Halflong,Huplong,799254
North Tripura,Panisagar,Paschim Tilthai,Panisagar,1365 hectares
North Tripura,Panisagar,Pekuchhara,Pekucherra,799260
North Tripura,Panisagar,Purba Halflong,Huplong,799254
North Tripura,Panisagar,Purba Tilthai,East Tilthai,799260
North Tripura,Panisagar,Radhapur,Radhapur,799253
North Tripura,Panisagar,Rajnagar,Panisagar,1212 hectares
North Tripura,Panisagar,Ramnagar,Ramnagar,799260
North Tripura,Panisagar,Roa,Rowa,799260
North Tripura,Panisagar,Uptakhali,Uptakhali,799260
North Tripura,Panisagar,Uttar Padmabil,West Padmabil,799260
North Tripura,Pencharthal,Baghaichhara,Pencharthal,890 hectares
North Tripura,Pencharthal,Birchandranagar,Pencharthal,2216 hectares
North Tripura,Pencharthal,Dakshin Machmara,Pencharthal,1183 hectares
North Tripura,Pencharthal,Deo Reserve Forest,Pencharthal,6189 hectares
North Tripura,Pencharthal,Dewanbari,Pencharthal,1657 hectares
North Tripura,Pencharthal,Dhanichhara,Pencharthal,747 hectares
North Tripura,Pencharthal,Karaichhara,Pencharthal,646 hectares
North Tripura,Pencharthal,Lakshmanchhara,Pencharthal,1239 hectares
North Tripura,Pencharthal,Laljuri,Pencharthal,321.5 hectares
North Tripura,Pencharthal,Nabinchhara,Pencharthal,1044 hectares
North Tripura,Pencharthal,Nalkata,Pencharthal,890 hectares
North Tripura,Pencharthal,Paschim Andharchhara,Pencharthal,2255 hectares
North Tripura,Pencharthal,Pencharthal,Pencharthal,1044 hectares
North Tripura,Pencharthal,Purba Andharchhara,Pencharthal,1211 hectares
North Tripura,Pencharthal,Rabiraipara,Pencharthal,1358 hectares
North Tripura,Pencharthal,Uttar Machmara,Pencharthal,1229 hectares
South Tripura,Amarpur,Bampur,Amarpur,1146 hectares
South Tripura,Amarpur,Baramura Deotamura R F,Amarpur,5517 hectares
South Tripura,Amarpur,Birganj,Amarpur,982 hectares
South Tripura,Amarpur,Dalak,Amarpur,622 hectares
South Tripura,Amarpur,Deb Bari,Amarpur,721 hectares
South Tripura,Amarpur,Gungia,Amarpur,1919 hectares
South Tripura,Amarpur,Kurmachhara,Amarpur,531 hectares
South Tripura,Amarpur,Nutanbazar,Amarpur,1781 hectares
South Tripura,Amarpur,Paharpur,Amarpur,1054 hectares
South Tripura,Amarpur,Paschim Daluma,Amarpur,1717 hectares
South Tripura,Amarpur,Paschim Kalajari R F,Amarpur,730 hectares
South Tripura,Amarpur,Paschim Malbasa,Amarpur,1245 hectares
South Tripura,Amarpur,Paschim Sarbang,Amarpur,1166 hectares
South Tripura,Amarpur,Purba Daluma,Amarpur,1846 hectares
South Tripura,Amarpur,Purba Malbasa,Amarpur,911 hectares
South Tripura,Amarpur,Purba Sarbang,Amarpur,1105 hectares
South Tripura,Amarpur,Rajkang,Amarpur,913 hectares
South Tripura,Amarpur,Rangamati,Amarpur,639 hectares
South Tripura,Amarpur,Rangkang,Amarpur,1218 hectares
South Tripura,Amarpur,Tairbhuma,Amarpur,933 hectares
South Tripura,Amarpur,Uttar Chalagang,Amarpur,960 hectares
South Tripura,Bokafa,Abhangachhara,Bokafa,1596 hectares
South Tripura,Bokafa,Bagafa,Bokafa,262.74 hectares
South Tripura,Bokafa,Baikhora,Bokafa,569 hectares
South Tripura,Bokafa,Baramura Deotamura R F,Bokafa,12349 hectares
South Tripura,Bokafa,Birchandranagar,Bokafa,1108 hectares
South Tripura,Bokafa,Birendranagar,Bokafa,878 hectares
South Tripura,Bokafa,Chhaigharia,Bokafa,370 hectares
South Tripura,Bokafa,Dakshin Barapathary,Bokafa,855 hectares
South Tripura,Bokafa,Dakshin Hichachhara,Bokafa,1399 hectares
South Tripura,Bokafa,Dakshin Takmachhara,Bokafa,1623 hectares
South Tripura,Bokafa,Gardang,Bokafa,791 hectares
South Tripura,Bokafa,Jolaibari,Bokafa,1007 hectares
South Tripura,Bokafa,Kalalaogang,Bokafa,1516 hectares
South Tripura,Bokafa,Kalasi,Bokafa,1323 hectares
South Tripura,Bokafa,Laogang,Bokafa,716.93 hectares
South Tripura,Bokafa,Laxmichhara,Bokafa,1333 hectares
South Tripura,Bokafa,Madhya Pillak,Bokafa,1371 hectares
South Tripura,Bokafa,Muhuripur R F,Bokafa,2708 hectares
South Tripura,Bokafa,Paschim Charakbai,Bokafa,533 hectares
South Tripura,Bokafa,Paschim Kathalia,Bokafa,386.93 hectares
South Tripura,Bokafa,Paschim Manu,Bokafa,1258 hectares
South Tripura,Bokafa,Paschim Muhuripur,Bokafa,236 hectares
South Tripura,Bokafa,Paschim Patichhari,Bokafa,801 hectares
South Tripura,Bokafa,Paschim Pillak,Bokafa,639 hectares
South Tripura,Bokafa,Purba Charakbai,Swadeshnagar,799144
South Tripura,Bokafa,Purba Kathalia,Bokafa,712 hectares
South Tripura,Bokafa,Purba Manu,Bokafa,1317 hectares
South Tripura,Bokafa,Purba Muhuripur,Bokafa,298 hectares
South Tripura,Bokafa,Purba Patichhari,Bokafa,635 hectares
South Tripura,Bokafa,Purba Pillak,Bokafa,1475 hectares
South Tripura,Bokafa,Radhakishore Ganj,Bokafa,607.94 hectares
South Tripura,Bokafa,Raibari,Bokafa,954 hectares
South Tripura,Bokafa,Rajapur,Bokafa,708 hectares
South Tripura,Bokafa,Santirbazar,Bokafa,52.74 hectares
South Tripura,Bokafa,Tairumachhara,Bokafa,1039 hectares
South Tripura,Bokafa,Uttar Barapathary,Bokafa,1010 hectares
South Tripura,Bokafa,Uttar Debipur,Bokafa,1081 hectares
South Tripura,Bokafa,Uttar Hichachhara,Bokafa,1267 hectares
South Tripura,Bokafa,Uttar Takmachhara,Bokafa,1037 hectares
South Tripura,Hrishyamukh,Abhaynagar,Nalua,799156
South Tripura,Hrishyamukh,Bashpadua,Hrishyamukh,1286 hectares
South Tripura,Hrishyamukh,Champaknagar,Hrishyamukh,534 hectares
South Tripura,Hrishyamukh,Dakshin Sonaichhari,Hrishyamukh,441 hectares
South Tripura,Hrishyamukh,Debipur,Hrishyamukh,1497 hectares
South Tripura,Hrishyamukh,Haripur,Hrishyamukh,633 hectares
South Tripura,Hrishyamukh,Hrishyamukh,Hrishyamukh,1497 hectares
South Tripura,Hrishyamukh,Krishnanagar,Hrishyamukh,700 hectares
South Tripura,Hrishyamukh,Manirampur,Hrishyamukh,217 hectares
South Tripura,Hrishyamukh,Matai,Hrishyamukh,765 hectares
South Tripura,Hrishyamukh,Ratanpur,Hrishyamukh,1420 hectares
South Tripura,Hrishyamukh,Sarasima,Hrishyamukh,947 hectares
South Tripura,Hrishyamukh,Shibpur,Hrishyamukh,241 hectares
South Tripura,Hrishyamukh,Tekka R F,Hrishyamukh,2852 hectares
South Tripura,Hrishyamukh,Tekka Tulshi R F,Hrishyamukh,540 hectares
South Tripura,Hrishyamukh,Tuigamari,Hrishyamukh,205 hectares
South Tripura,Hrishyamukh,Uttar Sonaichhari,Hrishyamukh,733 hectares
South Tripura,Kakraban,Amtali,West Anandanagar,799105
South Tripura,Kakraban,Balurpathar,Kakraban,214 hectares
South Tripura,Kakraban,Dhuptali,Kakraban,1078 hectares
South Tripura,Kakraban,Dudhpushkarini,Kakraban,718 hectares
South Tripura,Kakraban,Gangachhara,Kakraban,412 hectares
South Tripura,Kakraban,Garjanmura,Kakraban,384 hectares
South Tripura,Kakraban,Garji R F,Kakraban,1734 hectares
South Tripura,Kakraban,Hadra,Kakraban,206 hectares
South Tripura,Kakraban,Hurijala,Kakraban,710 hectares
South Tripura,Kakraban,Jamjuri,Kakraban,254 hectares
South Tripura,Kakraban,Jitendranagar,Kakraban,1508 hectares
South Tripura,Kakraban,Kakraban,Kakraban,718 hectares
South Tripura,Kakraban,Murapara,Kakraban,316 hectares
South Tripura,Kakraban,Palatana,Kakraban,664 hectares
South Tripura,Kakraban,Rajdharnagar,Kakraban,163 hectares
South Tripura,Kakraban,Rani,Kakraban,1258 hectares
South Tripura,Kakraban,Samukchhara,Kakraban,656 hectares
South Tripura,Kakraban,Silghati,Kakraban,1127 hectares
South Tripura,Kakraban,Upendranagar,Kakraban,587 hectares
South Tripura,Karbuk,Baramura Deotamura R F,Karbuk,5517 hectares
South Tripura,Karbuk,Chakpur,Karbuk,624 hectares
South Tripura,Karbuk,Dakshin Chalagang,Karbuk,1212 hectares
South Tripura,Karbuk,Dakshin Ekchhari,Karbuk,788 hectares
South Tripura,Karbuk,Dakshin Karbuk,Karbuk,838 hectares
South Tripura,Karbuk,Ichhachhari,Karbuk,1491 hectares
South Tripura,Karbuk,Jarimura,Karbuk,705 hectares
South Tripura,Karbuk,Laogang,Karbuk,925 hectares
South Tripura,Karbuk,Mukchhari,Karbuk,1432 hectares
South Tripura,Karbuk,Paschim Ekchhari,Karbuk,653 hectares
South Tripura,Karbuk,Paschim Kalajari R F,Karbuk,730 hectares
South Tripura,Karbuk,Paschim Karbuk,Karbuk,1334 hectares
South Tripura,Karbuk,Paschim Manikya Dewan,Karbuk,943 hectares
South Tripura,Karbuk,Patichhari,Karbuk,1540 hectares
South Tripura,Karbuk,Purba Karbuk,Karbuk,1967 hectares
South Tripura,Karbuk,Purba Manikya Dewan,Karbuk,1155 hectares
South Tripura,Karbuk,Rambhadra,Karbuk,503 hectares
South Tripura,Karbuk,Uttar Ekchhari,Karbuk,1359 hectares
South Tripura,Killa,Bagma,Killa,870 hectares
South Tripura,Killa,Chaimaroa,Killa,1142 hectares
South Tripura,Killa,Chharthai,Killa,1454 hectares
South Tripura,Killa,Choygharia,Killa,1347 hectares
South Tripura,Killa,Dakshin Baramura Deotamura R F,Killa,1342 hectares
South Tripura,Killa,Dakshin Brajendranagar,Killa,605 hectares
South Tripura,Killa,Kanchigang R F,Killa,3542 hectares
South Tripura,Killa,Khupilong,Killa,954 hectares
South Tripura,Killa,Killa,Killa,1454 hectares
South Tripura,Killa,Laxmipati,Killa,396 hectares
South Tripura,Killa,Photamati,Killa,253 hectares
South Tripura,Killa,Purba Brajendranagar,Killa,1244 hectares
South Tripura,Killa,Raiabari,Killa,429 hectares
South Tripura,Killa,Thelakum,Killa,1011 hectares
South Tripura,Killa,Uttar Baramura Deotamura R F,Killa,6921 hectares
South Tripura,Killa,Uttar Brajendranagar,Killa,1295 hectares
South Tripura,Matarbari,Bagabasa,Matarbari,297 hectares
South Tripura,Matarbari,Bagma,Matarbari,870 hectares
South Tripura,Matarbari,Baishabari,Matarbari,625 hectares
South Tripura,Matarbari,Barabhaiya,East Barabaiya,799119
South Tripura,Matarbari,Chandrapur R F,Chandrapur Colony,799116
South Tripura,Matarbari,Chapiapara,Matarbari,393 hectares
South Tripura,Matarbari,Chhataria,Matarbari,254 hectares
South Tripura,Matarbari,Dakshin Baramura Debtamura R F,Matarbari,1342 hectares
South Tripura,Matarbari,Dakshin Brajendranagar,Matarbari,605 hectares
South Tripura,Matarbari,Dakshin Chandrapur,Matarbari,726 hectares
South Tripura,Matarbari,Dakshin Maharani,Matarbari,1081 hectares
South Tripura,Matarbari,Gandhari,Matarbari,1603 hectares
South Tripura,Matarbari,Garji R F,Matarbari,1734 hectares
South Tripura,Matarbari,Garjichhara,Matarbari,1762 hectares
South Tripura,Matarbari,Hirapur,Matarbari,727 hectares
South Tripura,Matarbari,Karaiyamura,Matarbari,554 hectares
South Tripura,Matarbari,Khilpara,West Khilpara,799116
South Tripura,Matarbari,Khupilong,Matarbari,953 hectares
South Tripura,Matarbari,Laxmipati,Matarbari,395 hectares
South Tripura,Matarbari,Murapara,Matarbari,317 hectares
South Tripura,Matarbari,Paschim Magpushkarini,Matarbari,2023 hectares
South Tripura,Matarbari,Photamati,Matarbari,253 hectares
South Tripura,Matarbari,Pitra,Matarbari,354 hectares
South Tripura,Matarbari,Purba Magpushkarini,Matarbari,704 hectares
South Tripura,Matarbari,Radhakishorepur R F,Matarbari,2577 hectares
South Tripura,Matarbari,Rajnagar,North Rangamura,799116
South Tripura,Matarbari,Salgarha,North Shalgarah,799114
South Tripura,Matarbari,Taiharchum,Matarbari,602 hectares
South Tripura,Matarbari,Tepania,Matarbari,247 hectares
South Tripura,Matarbari,Uttar Chandrapur,Matarbari,321 hectares
South Tripura,Matarbari,Uttar Maharani,Matarbari,411 hectares
South Tripura,Ompi,Ampichhara,Ompi,532 hectares
South Tripura,Ompi,Ampinagar,Ompi,996 hectares
South Tripura,Ompi,Baisyamanipara,Ompi,292 hectares
South Tripura,Ompi,Chenchua,Ompi,1257 hectares
South Tripura,Ompi,Dakshin Chhangong,Ompi,339 hectares
South Tripura,Ompi,Dakshin Taidu,Ompi,865 hectares
South Tripura,Ompi,Dhanlekha,Ompi,490 hectares
South Tripura,Ompi,Ek Janchhara,Ompi,1699 hectares
South Tripura,Ompi,Gamaichhara,Ompi,1297 hectares
South Tripura,Ompi,Haripur,Ompi,984 hectares
South Tripura,Ompi,Jambukchhara,Ompi,1061 hectares
South Tripura,Ompi,Kamlaipara,Ompi,259 hectares
South Tripura,Ompi,Melchhi,Ompi,911 hectares
South Tripura,Ompi,Palkuchhara,Ompi,1193 hectares
South Tripura,Ompi,Paschim Taichhlong,Ompi,801 hectares
South Tripura,Ompi,Purba Taichhlong,Ompi,1118 hectares
South Tripura,Ompi,Sonachhara,Ompi,1222 hectares
South Tripura,Ompi,Taidudepha,Ompi,1015 hectares
South Tripura,Ompi,Uttar Chhangong,Ompi,218 hectares
South Tripura,Ompi,Uttar Taidu,Ompi,1451 hectares
South Tripura,Rajnagar,Baraiya,Ekinpur,799157
South Tripura,Rajnagar,Barapathari,Barpathari,799156
South Tripura,Rajnagar,Bardos,South Rajnagar,799158
South Tripura,Rajnagar,Bhairabnagar,North Srirampur,799157
South Tripura,Rajnagar,Chittamara,Chittamara,799155
South Tripura,Rajnagar,Dakshin Bharatchandranagar,Sukanta Nagar,799155
South Tripura,Rajnagar,Dakshin Krishnapur,South Rajnagar,799153
South Tripura,Rajnagar,Dakshin Srirampur,South Srirampur,799155
South Tripura,Rajnagar,Ishanchandranagar,Ishan Chandranagar,799155
South Tripura,Rajnagar,Joychandrapur,Barpathari,799155
South Tripura,Rajnagar,Kalabaria,West Kalabaria,799155
South Tripura,Rajnagar,Kamalpur,Indiranagar,799157
South Tripura,Rajnagar,Kashari R F,Rajnagar,2976 hectares
South Tripura,Rajnagar,Laxmipur,Laxmipur,799155
South Tripura,Rajnagar,Madhya Bharatchandranagar,North Bharat Chandra Nagar,799155
South Tripura,Rajnagar,Paikhola,Paikhola,799125
South Tripura,Rajnagar,Paschim Anandapur,Dimatali,799157
South Tripura,Rajnagar,Paschim Peporiakhola,West Pipariakhola,799157
South Tripura,Rajnagar,Prakashnagar,Rajnagar,799150
South Tripura,Rajnagar,Purba Anandapur,Niharnagar,799157
South Tripura,Rajnagar,Purba Peporiakhola,East Pipariakhola,799158
South Tripura,Rajnagar,Radhanagar,Radhanagar,799153
South Tripura,Rajnagar,Rajnagar,Rajnagar,N/A
South Tripura,Rajnagar,Rangamura,Rangamura,799153
South Tripura,Rajnagar,Siddhinagar,North Srirampur,799157
South Tripura,Rajnagar,Tebaria,Rajnagar,1075 hectares
South Tripura,Rajnagar,Trishna R F,Rajnagar,2474 hectares
South Tripura,Rajnagar,Uttar Bharatchandranagar,West Paikhola,799155
South Tripura,Rajnagar,Uttar Krishnapur,Rangamura,799153
South Tripura,Rajnagar,Uttar Srirampur,South Srirampur,799157
South Tripura,Rupaichhari,Aliamara,Rupaichhari,523 hectares
South Tripura,Rupaichhari,Bagachatal,Rupaichhari,875 hectares
South Tripura,Rupaichhari,Bagmara,Rupaichhari,921 hectares
South Tripura,Rupaichhari,Baishnabpur,Rupaichhari,132 hectares
South Tripura,Rupaichhari,Barabil,Rupaichhari,941 hectares
South Tripura,Rupaichhari,Baramura Deotamura R F,Rupaichhari,4959 hectares
South Tripura,Rupaichhari,Bishnupur,Rupaichhari,1425 hectares
South Tripura,Rupaichhari,Chalita Bankul,Rupaichhari,533 hectares
South Tripura,Rupaichhari,Chatakchhari,Rupaichhari,962 hectares
South Tripura,Rupaichhari,Dakshin Bejoypur,Rupaichhari,891 hectares
South Tripura,Rupaichhari,Dakshin Manu Bankul,Rupaichhari,689 hectares
South Tripura,Rupaichhari,Dakshin Sabroom,Rupaichhari,536 hectares
South Tripura,Rupaichhari,Desharampara,Rupaichhari,702 hectares
South Tripura,Rupaichhari,Gaurifa,Rupaichhari,513 hectares
South Tripura,Rupaichhari,Gorakapa,Rupaichhari,610 hectares
South Tripura,Rupaichhari,Kaptali,Rupaichhari,393 hectares
South Tripura,Rupaichhari,Kathalchhari,Rupaichhari,777 hectares
South Tripura,Rupaichhari,Magrum,Rupaichhari,1031 hectares
South Tripura,Rupaichhari,Paschim Ludhua,Rupaichhari,699 hectares
South Tripura,Rupaichhari,Purba Ludhua,Rupaichhari,491 hectares
South Tripura,Rupaichhari,Purba Sabroom,Rupaichhari,1125 hectares
South Tripura,Rupaichhari,Rajdharpur,Rupaichhari,711 hectares
South Tripura,Rupaichhari,Rupaichhari,Rupaichhari,513 hectares
South Tripura,Rupaichhari,Silachari,Rupaichhari,634 hectares
South Tripura,Rupaichhari,Sonaichhari,Rupaichhari,399 hectares
South Tripura,Rupaichhari,Suknachari,Rupaichhari,894 hectares
South Tripura,Rupaichhari,Uttar Bejoypur,Rupaichhari,1435 hectares
South Tripura,Rupaichhari,Uttar Manu Bankul,Rupaichhari,764 hectares
South Tripura,Rupaichhari,Uttar Taichhama,Rupaichhari,611 hectares
South Tripura,Satchand,Amlighat,Satchand,506 hectares
South Tripura,Satchand,Betaga R F,Satchand,2389 hectares
South Tripura,Satchand,Bhuratali,Satchand,1171 hectares
South Tripura,Satchand,Bijoynagar,Satchand,716 hectares
South Tripura,Satchand,Brajendranagar,Satchand,497 hectares
South Tripura,Satchand,Chalitachhara,Satchand,904 hectares
South Tripura,Satchand,Dakshin Kalapania,Satchand,543 hectares
South Tripura,Satchand,Dakshin Taichhama,Satchand,1213 hectares
South Tripura,Satchand,Doulbari,Satchand,580.29 hectares
South Tripura,Satchand,Fulchhari,Satchand,807 hectares
South Tripura,Satchand,Gaganchandra Para,Satchand,387 hectares
South Tripura,Satchand,Gardhang,Satchand,938 hectares
South Tripura,Satchand,Goachand,Satchand,653 hectares
South Tripura,Satchand,Harbatali,Satchand,637 hectares
South Tripura,Satchand,Harina,Satchand,687 hectares
South Tripura,Satchand,Krishnanagar,Satchand,795 hectares
South Tripura,Satchand,Madhabnagar,Satchand,656 hectares
South Tripura,Satchand,Magurchhara,Satchand,510 hectares
South Tripura,Satchand,Manubazar,Satchand,993 hectares
South Tripura,Satchand,Paschim Jalefa,Satchand,1252 hectares
South Tripura,Satchand,Paschim Sabroom,Satchand,268 hectares
South Tripura,Satchand,Purba Jalefa,Satchand,1117.58 hectares
South Tripura,Satchand,Rajnagar,West Tilthai,799150
South Tripura,Satchand,Sakhbari,Satchand,777 hectares
South Tripura,Satchand,Sindukpathar,Satchand,670 hectares
South Tripura,Satchand,Srinagar,Satchand,976 hectares
South Tripura,Satchand,Taikumbachhara,Satchand,883 hectares
South Tripura,Satchand,Tekka R F,Satchand,2852 hectares
South Tripura,Satchand,Tekka Tulsi R F,Satchand,6100 hectares
South Tripura,Satchand,Uttar Kalapania,Satchand,518 hectares
West Tripura,Bishalgarh,Amtali,Bishalgarh,944.71 hectares
West Tripura,Bishalgarh,Bangshibari,Bishalgarh,517.78 hectares
West Tripura,Bishalgarh,Barjala,Barjala,799103
West Tripura,Bishalgarh,Baustali,Bishalgarh,979.9 hectares
West Tripura,Bishalgarh,Bishalgarh,Bishalgarh,188.75 hectares
West Tripura,Bishalgarh,Brajapur,Madhya Brajapur,799102
West Tripura,Bishalgarh,Dakshin Champamura,Bishalgarh,820.25 hectares
West Tripura,Bishalgarh,Dakshin Charilam,Bishalgarh,645.9 hectares
West Tripura,Bishalgarh,Debipur,Bishalgarh,871 hectares
West Tripura,Bishalgarh,Dhariathal,Bishalgarh,365 hectares
West Tripura,Bishalgarh,Gajaria,Bishalgarh,706.6 hectares
West Tripura,Bishalgarh,Ghaniamara,Bishalgarh,573 hectares
West Tripura,Bishalgarh,Golaghati,Badhyardighi,799102
West Tripura,Bishalgarh,Gopinagar,Bhati Larma,799102
West Tripura,Bishalgarh,Kaiyadhepa,Bishalgarh,1158 hectares
West Tripura,Bishalgarh,Kamalasagar,Bishalgarh,397 hectares
West Tripura,Bishalgarh,Konaban,Bhatibari,799100
West Tripura,Bishalgarh,Krishna Kishorenagar,Bishalgarh,1052.41 hectares
West Tripura,Bishalgarh,Latiachhara,Bishalgarh,1324 hectares
West Tripura,Bishalgarh,Laxmibil,Bishalgarh,633.08 hectares
West Tripura,Bishalgarh,Madhupur,Pathariadwar,799100
West Tripura,Bishalgarh,Madhya Pathalia,Bishalgarh,793 hectares
West Tripura,Bishalgarh,Mohanpur,Bishalgarh,528.31 hectares
West Tripura,Bishalgarh,Nehalchandranagar,Lembutali,799100
West Tripura,Bishalgarh,Padmanagar,Bishalgarh,868 hectares
West Tripura,Bishalgarh,Pathaliaghat,Bishalgarh,886 hectares
West Tripura,Bishalgarh,Promodenagar,Bishalgarh,1022 hectares
West Tripura,Bishalgarh,Purathal Rajnagar,Arabindanagar,799100
West Tripura,Bishalgarh,Radhanagar,Bishalgarh,1146 hectares
West Tripura,Bishalgarh,Ramnagar,Bishalgarh,518 hectares
West Tripura,Bishalgarh,Rangapania,Bishalgarh,1161.11 hectares
West Tripura,Bishalgarh,Rangmala,Bishalgarh,1450 hectares
West Tripura,Bishalgarh,Sutamura,Bishalgarh,899 hectares
West Tripura,Bishalgarh,Uttar Charilam,Aralia,799102
West Tripura,Boxanagar,Anandapur,Boxanagar,634 hectares
West Tripura,Boxanagar,Ashabari,Boxanagar,294 hectares
West Tripura,Boxanagar,Bejoynagar,Boxanagar,867 hectares
West Tripura,Boxanagar,Bhaluarchar,Boxanagar,701 hectares
West Tripura,Boxanagar,Boxanagar,Boxanagar,294 hectares
West Tripura,Boxanagar,Dhanirampur,Boxanagar,989 hectares
West Tripura,Boxanagar,Ghilatali,Boxanagar,421 hectares
West Tripura,Boxanagar,Jogatrampur,Boxanagar,446 hectares
West Tripura,Boxanagar,Kalamchaura,Boxanagar,797 hectares
West Tripura,Boxanagar,Kalsimura,Bagber,799102
West Tripura,Boxanagar,Kamalanagar,Boxanagar,644 hectares
West Tripura,Boxanagar,Kulubari,Boxanagar,680 hectares
West Tripura,Boxanagar,Manikyanagar,Boxanagar,828 hectares
West Tripura,Boxanagar,Matinagar,Boxanagar,1555 hectares
West Tripura,Boxanagar,Putia,Boxanagar,356 hectares
West Tripura,Boxanagar,Rahimpur,Boxanagar,655 hectares
West Tripura,Dukli,Badharghat,Dukli,726.19 hectares
West Tripura,Dukli,Bikramnagar,Sekerkote,799130
West Tripura,Dukli,Ishanchandranagar,Netaji Subhash Chandra Nagar,799003
West Tripura,Dukli,Kanchanmala,Dukli,716 hectares
West Tripura,Dukli,Pandabpur,Dukli,905 hectares
West Tripura,Dukli,Srinagar,Dukli,2442 hectares
West Tripura,Hezamara,Baikunthapur,Hezamara,284 hectares
West Tripura,Hezamara,Baluaban,Hezamara,1107 hectares
West Tripura,Hezamara,Barkanthalia,Hezamara,572 hectares
West Tripura,Hezamara,Chandpur,Hezamara,1198 hectares
West Tripura,Hezamara,Dakshin Dashgharia,Hezamara,866 hectares
West Tripura,Hezamara,Domrakaridak,Hezamara,2153 hectares
West Tripura,Hezamara,Ishanpur,Hezamara,373 hectares
West Tripura,Hezamara,Kamukchhara,Hezamara,698 hectares
West Tripura,Hezamara,Mantala,Hezamara,451 hectares
West Tripura,Hezamara,Megliband,Hezamara,590 hectares
West Tripura,Hezamara,Mohanpur,Simna,799211
West Tripura,Hezamara,Noagaon,Hezamara,332 hectares
West Tripura,Hezamara,Paschim Simna,Hezamara,985 hectares
West Tripura,Hezamara,Purba Simna,Taltala,799212
West Tripura,Hezamara,Sankhola,Hezamara,944 hectares
West Tripura,Hezamara,Subalsingh,Hezamara,956 hectares
West Tripura,Hezamara,Surendranagar,Hezamara,1186 hectares
West Tripura,Hezamara,Thamakari,Hezamara,767 hectares
West Tripura,Hezamara,Tuichhamankuri,Hezamara,1718 hectares
West Tripura,Hezamara,Uttar Dashgharia,Hezamara,911 hectares
West Tripura,Jampuijala,Amarendranagar,Jampuijala,991.72 hectares
West Tripura,Jampuijala,Bamnichhara,Jampuijala,198.6 hectares
West Tripura,Jampuijala,Barmabari,Jampuijala,1392 hectares
West Tripura,Jampuijala,Hirapur,Jampuijala,614 hectares
West Tripura,Jampuijala,Jampuijala,Jampuijala,1205 hectares
West Tripura,Jampuijala,Kalaibari,Jampuijala,1205 hectares
West Tripura,Jampuijala,Kandraichhara,Jampuijala,1345 hectares
West Tripura,Jampuijala,Killabari,Jampuijala,1737 hectares
West Tripura,Jampuijala,Madhya Ghaniamara,Jampuijala,1683 hectares
West Tripura,Jampuijala,Mohanpur,Jampuijala,528.31 hectares
West Tripura,Jampuijala,Paschim Takarjala,Jampuijala,1251 hectares
West Tripura,Jampuijala,Pekuarjala,Jampuijala,723.83 hectares
West Tripura,Jampuijala,Prabhapur,Jampuijala,2030 hectares
West Tripura,Jampuijala,Purba Takarjala,Jampuijala,909 hectares
West Tripura,Jampuijala,Ratanpur,Jampuijala,2207 hectares
West Tripura,Jampuijala,Sangkumabari,Jampuijala,1517 hectares
West Tripura,Jampuijala,Shyamnagar,Jampuijala,263 hectares
West Tripura,Jampuijala,Ujan Ghaniamara,Jampuijala,1192.23 hectares
West Tripura,Jampuijala,Ujan Pathalia,Jampuijala,1134.29 hectares
West Tripura,Jirania,Belbari,Jirania,3013 hectares
West Tripura,Jirania,Champabari,Jirania,2222 hectares
West Tripura,Jirania,Champaknagar,Jirania,829 hectares
West Tripura,Jirania,Janmejoynagar,Jirania,1033 hectares
West Tripura,Jirania,Jirania,Jirania,715 hectares
West Tripura,Jirania,Joynagar,Jirania,489 hectares
West Tripura,Jirania,Laxmipur,Jirania,810 hectares
West Tripura,Jirania,Majlishpur,West Majlishpur,799035
West Tripura,Jirania,Mekhlipara,Jirania,592 hectares
West Tripura,Jirania,Purba Barjalai,Jirania,1158 hectares
West Tripura,Jirania,Purba Debendranagar,Jirania,715 hectares
West Tripura,Jirania,Purba Noagoan,Jirania,1403 hectares
West Tripura,Jirania,Radhamohanpur,Jirania,1062 hectares
West Tripura,Jirania,Radhapur,Jirania,1580 hectares
West Tripura,Jirania,Tulakona,Jirania,929 hectares
West Tripura,Kalyanpur,Dakshin Maharani,Kalyanpur,570.5 hectares
West Tripura,Kalyanpur,Dakshin Promodenagar,Kalyanpur,591 hectares
West Tripura,Kalyanpur,Durgapur,Kalyanpur,1310 hectares
West Tripura,Kalyanpur,Dwarikapur,Kalyanpur,370 hectares
West Tripura,Kalyanpur,Ghilatali,South Ghilatali,799203
West Tripura,Kalyanpur,Kamalnagar,North Kamalnagar,799203
West Tripura,Kalyanpur,Kunjaban,East Kunjaban,799203
West Tripura,Kalyanpur,Madhya Kalyanpur,Kalyanpur,998 hectares
West Tripura,Kalyanpur,Maharanipur,Kalyanpur,542 hectares
West Tripura,Kalyanpur,Paschim Kalyanpur,Kalyanpur,1360 hectares
West Tripura,Kalyanpur,Purba Kalyanpur,Kalyanpur,851 hectares
West Tripura,Kalyanpur,Ramdayalbari,Kalyanpur,392 hectares
West Tripura,Kalyanpur,Uttar Ghilatali,Kalyanpur,1301 hectares
West Tripura,Kathalia,Bejimara,Kathalia,358 hectares
West Tripura,Kathalia,Bhabanipur,Kathalia,574 hectares
West Tripura,Kathalia,Birampur,Kathalia,968 hectares
West Tripura,Kathalia,Birendranagar,Kathalia,682 hectares
West Tripura,Kathalia,Dhanpur,Kathalia,494 hectares
West Tripura,Kathalia,Durlavpur,Kathalia,335 hectares
West Tripura,Kathalia,Himmatpur,Kathalia,650 hectares
West Tripura,Kathalia,Jagatrampur,Kathalia,2610 hectares
West Tripura,Kathalia,Kalapania,Kathalia,309 hectares
West Tripura,Kathalia,Kalikrishnanagar,Kathalia,626 hectares
West Tripura,Kathalia,Kathalia,Kathalia,803 hectares
West Tripura,Kathalia,Maheshpur,Kathalia,803 hectares
West Tripura,Kathalia,Manaipathar,Kathalia,128 hectares
West Tripura,Kathalia,Manarchak,Kathalia,952 hectares
West Tripura,Kathalia,Nidaya,Kathalia,1681 hectares
West Tripura,Kathalia,Nirbhoypur,Kathalia,830 hectares
West Tripura,Kathalia,Paharpur,Kathalia,972 hectares
West Tripura,Kathalia,Sobhapur,Srimantapur,799132
West Tripura,Khowai,Chebri,Khowai,1007 hectares
West Tripura,Khowai,Dhalabil,Khowai,318.5 hectares
West Tripura,Khowai,Ganki,Khowai,1313.58 hectares
West Tripura,Khowai,Gournagar,Khowai,341 hectares
West Tripura,Khowai,Laxminarayanpur,Khowai,262 hectares
West Tripura,Khowai,Paharmura,Khowai,220 hectares
West Tripura,Khowai,Paschim Singhichhara,South Singicherra,799201
West Tripura,Khowai,Purba Ramchandraghat,Khowai,403 hectares
West Tripura,Khowai,Purba Singhichhara,Khowai,1457 hectares
West Tripura,Khowai,Santinagar,Khowai,651 hectares
West Tripura,Khowai,Sonatala,East Sonatala,799207
West Tripura,Khowai,Uttar Padmabil,Khowai,1161 hectares
West Tripura,Khowai,Uttar Ramchandraghat,Khowai,660 hectares
West Tripura,Mandai,Ashigarh,Mandai,1053 hectares
West Tripura,Mandai,Atuthangbari,Mandai,745 hectares
West Tripura,Mandai,Bhrigudas Para,Mandai,973 hectares
West Tripura,Mandai,Dinabandhunagar,Mandai,1115 hectares
West Tripura,Mandai,Dinakobrapara,Mandai,1683 hectares
West Tripura,Mandai,Harbhang,Mandai,626 hectares
West Tripura,Mandai,Jamilengpara,Mandai,1089 hectares
West Tripura,Mandai,Kathirambari,Mandai,480 hectares
West Tripura,Mandai,Khengrai,Mandai,1409 hectares
West Tripura,Mandai,Laxmipur,Mandai,810 hectares
West Tripura,Mandai,Mandainagar,Mandai,1150 hectares
West Tripura,Mandai,Paschim Barjalai,Mandai,879 hectares
West Tripura,Mandai,Patnipara,Mandai,1751 hectares
West Tripura,Mandai,Purba Debendranagar,Mandai,715 hectares
West Tripura,Mandai,Ramchandranagar,Mandai,1120 hectares
West Tripura,Mandai,Sibnagar,Mandai,1464 hectares
West Tripura,Mandai,Wakkinagar,Mandai,827 hectares
West Tripura,Melaghar,Aralia,Aralia,799131
West Tripura,Melaghar,Bagabasa,Melaghar,1105 hectares
West Tripura,Melaghar,Bardowal,Rangamati,799115
West Tripura,Melaghar,Barpathar,Joy Chandpur,799115
West Tripura,Melaghar,Bejimara,Melaghar,358 hectares
West Tripura,Melaghar,Chandul,Melaghar,1101 hectares
West Tripura,Melaghar,Choumohani,Chowmuhani Bazar,799115
West Tripura,Melaghar,Dakshin Taibandul,Melaghar,1234 hectares
West Tripura,Melaghar,Durlavnarayanpur,Melaghar,620 hectares
West Tripura,Melaghar,Gamaichhara,Melaghar,539 hectares
West Tripura,Melaghar,Ghrantali,Melaghar,383 hectares
West Tripura,Melaghar,Jharjharia,Melaghar,661 hectares
West Tripura,Melaghar,Kamarangatali,Melaghar,330 hectares
West Tripura,Melaghar,Khaschoumohani,Melaghar,305 hectares
West Tripura,Melaghar,Khedabari,Melaghar,716 hectares
West Tripura,Melaghar,Khedarbari,Melaghar,1566 hectares
West Tripura,Melaghar,Melaghar,Melaghar,383 hectares
West Tripura,Melaghar,Mohanbhug,Mohanbhog,799105
West Tripura,Melaghar,Nabadwipchandranagar,Aralia,799131
West Tripura,Melaghar,Paschim Jumerdhepa,Melaghar,489 hectares
West Tripura,Melaghar,Paschim Nalchar,Melaghar,833 hectares
West Tripura,Melaghar,Purba Jumerdhepa,Melaghar,945 hectares
West Tripura,Melaghar,Purba Nalchar,Melaghar,906 hectares
West Tripura,Melaghar,Rudijala,Melaghar,794 hectares
West Tripura,Melaghar,Taksapara,Taksa Para,799115
West Tripura,Melaghar,Telkajla,Baniachara,799001
West Tripura,Melaghar,Urmai,Kalamkhet,799115
West Tripura,Melaghar,Uttar Taibandul,Melaghar,789 hectares
West Tripura,Mohanpur,Bamutia,North Bamutia,799211
West Tripura,Mohanpur,Barjala,Mohanpur,85.9 hectares
West Tripura,Mohanpur,Bejoynagar,Mohanpur,533 hectares
West Tripura,Mohanpur,Bodhjongnagar,Mohanpur,1506 hectares
West Tripura,Mohanpur,Debendrachandranagar,Mohanpur,1733 hectares
West Tripura,Mohanpur,Fatikchhara,Mohanpur,1910 hectares
West Tripura,Mohanpur,Ishanpur,Mohanpur,373 hectares
West Tripura,Mohanpur,Kalachhara,Mohanpur,491 hectares
West Tripura,Mohanpur,Kalkalia,Mohanpur,1710 hectares
West Tripura,Mohanpur,Kunjaban,Mohanpur,500 hectares
West Tripura,Mohanpur,Lankamura,Mohanpur,504.99 hectares
West Tripura,Mohanpur,Laxmilunga,North Laxmilunga,799009
West Tripura,Mohanpur,Mantala,Mohanpur,451 hectares
West Tripura,Mohanpur,Megliband,Mohanpur,591 hectares
West Tripura,Mohanpur,Mohanpur,West Kamalghat,799211
West Tripura,Mohanpur,Noagaon,Mohanpur,332 hectares
West Tripura,Mohanpur,Paschim Simna,Mohanpur,986 hectares
West Tripura,Mohanpur,Ramnagar,Mohanpur,147 hectares
West Tripura,Mohanpur,Tulabagan,Mohanpur,1602 hectares
West Tripura,Mohanpur,Uttar Debendrachandranagar,Mohanpur,1401 hectares
West Tripura,Mungiakumi,Atharamura R F,Mungiakumi,7243 hectares
West Tripura,Mungiakumi,Dakshin Gakulnagar,Mungiakumi,828 hectares
West Tripura,Mungiakumi,Dakshin Maharani,Mungiakumi,570.5 hectares
West Tripura,Mungiakumi,Jagna Kobrabari,Mungiakumi,800 hectares
West Tripura,Mungiakumi,Karaibari,Mungiakumi,1478 hectares
West Tripura,Mungiakumi,Laxmipur,Mungiakumi,2491 hectares
West Tripura,Mungiakumi,Maharanipur,Mungiakumi,542 hectares
West Tripura,Mungiakumi,Nunachhara R F,Mungiakumi,8610 hectares
West Tripura,Mungiakumi,Ramkrishnapur,Mungiakumi,1651 hectares
West Tripura,Mungiakumi,Sriramkhara,Mungiakumi,2151 hectares
West Tripura,Mungiakumi,Teliamura R F,Mungiakumi,446.75 hectares
West Tripura,Mungiakumi,Tuichindraibari,Mungiakumi,1436 hectares
West Tripura,Mungiakumi,Uttar Gakulnagar,Mungiakumi,753.46 hectares
West Tripura,Mungiakumi,Uttar Promodenagar,Mungiakumi,1286 hectares
West Tripura,Padmabil,Akhrabari,Padmabil,1282 hectares
West Tripura,Padmabil,Bagabil,Padmabil,799 hectares
West Tripura,Padmabil,Dakshin Padmabil,Padmabil,1008 hectares
West Tripura,Padmabil,Dakshin Ramchandraghat,Padmabil,1638 hectares
West Tripura,Padmabil,Dhalabil,Bagan,799207
West Tripura,Padmabil,Dwarikapur,Padmabil,740 hectares
West Tripura,Padmabil,Gayamanibari,Padmabil,670 hectares
West Tripura,Padmabil,Khengrabari,Padmabil,340 hectares
West Tripura,Padmabil,Laxminarayanpur,Padmabil,262 hectares
West Tripura,Padmabil,Paglabari,Padmabil,1124 hectares
West Tripura,Padmabil,Paschim Belchhara,Padmabil,1035 hectares
West Tripura,Padmabil,Purba Belchhara,Padmabil,358 hectares
West Tripura,Padmabil,Purba Ramchandraghat,Padmabil,403 hectares
West Tripura,Padmabil,Ramdayalbari,Padmabil,392 hectares
West Tripura,Padmabil,Ratanpur,Padmabil,1107 hectares
West Tripura,Padmabil,Tuihachingbari,Padmabil,839 hectares
West Tripura,Padmabil,Uttar Padmabil,Padmabil,1161 hectares
West Tripura,Padmabil,Uttar Ramchandraghat,Padmabil,660 hectares
West Tripura,Teliamura,Brahmachhara,Teliamura,314 hectares
West Tripura,Teliamura,Dakshin Gakulnagar,Teliamura,828 hectares
West Tripura,Teliamura,Dakshin Pulinpur,Teliamura,1779 hectares
West Tripura,Teliamura,Hawaibari,Teliamura,904 hectares
West Tripura,Teliamura,Krishnapur,Teliamura,432 hectares
West Tripura,Teliamura,Laxmipur,Teliamura,299.7 hectares
West Tripura,Teliamura,Moharchhara,Teliamura,863 hectares
West Tripura,Teliamura,Sardu Karkari,Teliamura,1923 hectares
West Tripura,Teliamura,Teliamura,Vivekananda Nagar,799205
West Tripura,Teliamura,Teliamura R F,Teliamura,893.5 hectares
West Tripura,Teliamura,Tuichindrai,Teliamura,1360 hectares
West Tripura,Teliamura,Uttar Gakulnagar,Teliamura,753.46 hectares
West Tripura,Teliamura,Uttar Pulinpur,Teliamura,1233 hectares
West Tripura,Tulashikhar,Asharambari,Tulashikhar,366 hectares
West Tripura,Tulashikhar,Badlabari,Tulashikhar,635.4 hectares
West Tripura,Tulashikhar,Banbazar,Tulashikhar,701 hectares
West Tripura,Tulashikhar,Chamubasti,Tulashikhar,229 hectares
West Tripura,Tulashikhar,Dakshin Promodenagar,Tulashikhar,591 hectares
West Tripura,Tulashikhar,Jagna Kobrabari,Tulashikhar,801 hectares
West Tripura,Tulashikhar,Maidanbari,Tulashikhar,1078 hectares
West Tripura,Tulashikhar,Mainakbari,Tulashikhar,608 hectares
West Tripura,Tulashikhar,Paschim Bachaibari,Tulashikhar,1124 hectares
West Tripura,Tulashikhar,Paschim Champachhara,Tulashikhar,1783 hectares
West Tripura,Tulashikhar,Paschim Karangichhara,Tulashikhar,1383 hectares
West Tripura,Tulashikhar,Paschim Laxmichhara,Tulashikhar,973 hectares
West Tripura,Tulashikhar,Paschim Rajnagar,Tulashikhar,1381 hectares
West Tripura,Tulashikhar,Purba Bachaibari,Tulashikhar,1097 hectares
West Tripura,Tulashikhar,Purba Champachhara,Tulashikhar,1226 hectares
West Tripura,Tulashikhar,Purba Karangichhara,Tulashikhar,661 hectares
West Tripura,Tulashikhar,Purba Laxmichhara,Tulashikhar,973 hectares
West Tripura,Tulashikhar,Purba Rajnagar,Tulashikhar,1706 hectares
West Tripura,Tulashikhar,Ramkrishnabari,Tulashikhar,1060 hectares
West Tripura,Tulashikhar,Remachhara,Tulashikhar,1088 hectares
West Tripura,Tulashikhar,Santinagar,Tulashikhar,651 hectares
West Tripura,Tulashikhar,Shikaribari,Tulashikhar,1812 hectares
West Tripura,Tulashikhar,Sukhiabari,Tulashikhar,543 hectares
